id,student_id,student_mobility_id,done_date,notes,created_at
eb332bd0-32eb-492b-977b-fedc844db256,0c932874-b8b7-4542-a522-a5cffd9c66a9,71f22fc5-e5e3-4969-b188-53fa44899c8e,2026-05-18,,2026-05-18 12:14:07.72465+00
79112f9f-a1f2-46b8-9a31-5d83a2d24ce1,0c932874-b8b7-4542-a522-a5cffd9c66a9,b531e6d0-d7c7-4de9-a454-c07af93098c9,2026-05-18,,2026-05-18 12:14:09.854899+00
82c4060f-f1ab-4342-a1ca-acfb3923f1a8,0c932874-b8b7-4542-a522-a5cffd9c66a9,c5827daf-eb2c-41e0-bdd0-ebbc4ffa2ef1,2026-05-18,,2026-05-18 12:14:38.801187+00
8469af77-3cf7-4ed9-b259-d92b7e4e5e71,0c932874-b8b7-4542-a522-a5cffd9c66a9,fad8abee-915f-4b91-b682-520dda3ac19a,2026-05-18,,2026-05-18 12:15:52.615988+00
d6911786-d4ed-4cb7-b3fc-1868c18c005c,0c932874-b8b7-4542-a522-a5cffd9c66a9,b46da8c4-f894-4d5e-b131-4f8aa4a429b9,2026-05-18,,2026-05-18 12:17:11.840905+00
f7bc257b-0336-4226-a400-4e6d007b0dec,0c932874-b8b7-4542-a522-a5cffd9c66a9,36cd05d0-6f77-4cef-b5bc-61a1b60ebe48,2026-05-18,,2026-05-18 12:18:28.0875+00
7684021b-afc2-4ec7-af40-8d3922180740,0c932874-b8b7-4542-a522-a5cffd9c66a9,5eac02a4-5494-44b0-a9fd-8634b3d46dca,2026-05-18,,2026-05-18 12:19:10.679223+00
6568c586-1f35-43a5-a828-3c0a3652b4aa,0c932874-b8b7-4542-a522-a5cffd9c66a9,c5827daf-eb2c-41e0-bdd0-ebbc4ffa2ef1,2026-05-19,,2026-05-19 12:06:07.268431+00
242b2bd4-5f97-46f3-9ed9-d487fd802f1b,0c932874-b8b7-4542-a522-a5cffd9c66a9,fad8abee-915f-4b91-b682-520dda3ac19a,2026-05-19,,2026-05-19 12:06:07.663592+00
5c5d2f2b-08cf-4b6e-921d-7d5a91952d2f,0c932874-b8b7-4542-a522-a5cffd9c66a9,5eac02a4-5494-44b0-a9fd-8634b3d46dca,2026-05-19,,2026-05-19 12:06:09.098249+00
3b855c95-9952-405a-bf57-74b6cc353411,0c932874-b8b7-4542-a522-a5cffd9c66a9,71f22fc5-e5e3-4969-b188-53fa44899c8e,2026-05-19,,2026-05-19 12:06:15.572597+00
75903db2-9745-44c7-8af6-4e05677fa0fe,0c932874-b8b7-4542-a522-a5cffd9c66a9,36cd05d0-6f77-4cef-b5bc-61a1b60ebe48,2026-05-19,,2026-05-19 12:06:16.684493+00
1c0b75f9-3ba4-4171-825d-e16a67878fbc,0c932874-b8b7-4542-a522-a5cffd9c66a9,b531e6d0-d7c7-4de9-a454-c07af93098c9,2026-05-19,,2026-05-19 12:06:21.051603+00
73e8d910-7c23-42ca-977f-ac2590ef5378,0c932874-b8b7-4542-a522-a5cffd9c66a9,b46da8c4-f894-4d5e-b131-4f8aa4a429b9,2026-05-19,,2026-05-19 12:20:51.852624+00
ad2048ea-948f-496a-ba37-cfbd53ab6b0e,0c932874-b8b7-4542-a522-a5cffd9c66a9,c5827daf-eb2c-41e0-bdd0-ebbc4ffa2ef1,2026-05-21,,2026-05-21 13:18:28.523647+00
f519a544-eadc-47ec-bb30-88919fad5c66,0c932874-b8b7-4542-a522-a5cffd9c66a9,5eac02a4-5494-44b0-a9fd-8634b3d46dca,2026-05-21,,2026-05-21 13:18:30.728178+00
bf44656c-a3a8-48f8-bf4f-391bc2fed171,0c932874-b8b7-4542-a522-a5cffd9c66a9,fad8abee-915f-4b91-b682-520dda3ac19a,2026-05-21,,2026-05-21 13:18:31.323838+00
72790225-1da7-428e-9824-1923d9dc892c,0c932874-b8b7-4542-a522-a5cffd9c66a9,b46da8c4-f894-4d5e-b131-4f8aa4a429b9,2026-05-21,,2026-05-21 13:18:32.695318+00
684d4485-4e7b-4cf3-ac8e-c86e02d72623,0c932874-b8b7-4542-a522-a5cffd9c66a9,71f22fc5-e5e3-4969-b188-53fa44899c8e,2026-05-21,,2026-05-21 13:18:36.279503+00
c28b8b76-943c-4ad2-b392-4a1d84b53990,0c932874-b8b7-4542-a522-a5cffd9c66a9,36cd05d0-6f77-4cef-b5bc-61a1b60ebe48,2026-05-21,,2026-05-21 13:18:37.437036+00
e091f8f0-1027-4858-8572-636e3f70683d,0c932874-b8b7-4542-a522-a5cffd9c66a9,b531e6d0-d7c7-4de9-a454-c07af93098c9,2026-05-21,,2026-05-21 13:18:37.942336+00
9c6bf4b3-a39c-4e9b-bd94-9163bf6c7bd3,0c932874-b8b7-4542-a522-a5cffd9c66a9,c5827daf-eb2c-41e0-bdd0-ebbc4ffa2ef1,2026-05-22,,2026-05-22 02:53:30.889781+00
b618b671-4203-41ea-b506-84d73357c050,0c932874-b8b7-4542-a522-a5cffd9c66a9,5eac02a4-5494-44b0-a9fd-8634b3d46dca,2026-05-22,,2026-05-22 02:53:31.508753+00
92953524-fc74-4905-aa8a-fdc835ef8155,0c932874-b8b7-4542-a522-a5cffd9c66a9,fad8abee-915f-4b91-b682-520dda3ac19a,2026-05-22,,2026-05-22 02:53:32.015547+00
afc62bdf-5bdd-45b4-992d-9a8aa7fcb72c,0c932874-b8b7-4542-a522-a5cffd9c66a9,71f22fc5-e5e3-4969-b188-53fa44899c8e,2026-05-22,,2026-05-22 02:53:35.981983+00
ef1643ff-b2a8-49ee-af04-3689d94242e5,0c932874-b8b7-4542-a522-a5cffd9c66a9,b46da8c4-f894-4d5e-b131-4f8aa4a429b9,2026-05-22,,2026-05-22 02:53:40.744782+00
d2edd0e3-0a6b-4ce9-a0bf-386365d65663,0c932874-b8b7-4542-a522-a5cffd9c66a9,36cd05d0-6f77-4cef-b5bc-61a1b60ebe48,2026-05-22,,2026-05-22 02:53:42.319061+00
88b0f5f7-5d2a-4638-90db-0e22fd53bf23,0c932874-b8b7-4542-a522-a5cffd9c66a9,b531e6d0-d7c7-4de9-a454-c07af93098c9,2026-05-22,,2026-05-22 02:53:42.789899+00
054b0bce-2e86-4f03-98da-00aa736d3dbf,0c932874-b8b7-4542-a522-a5cffd9c66a9,b531e6d0-d7c7-4de9-a454-c07af93098c9,2026-05-25,,2026-05-25 17:13:40.631887+00
ecb989cf-7f82-4ddd-9ae2-ab7601ef5fea,0c932874-b8b7-4542-a522-a5cffd9c66a9,71f22fc5-e5e3-4969-b188-53fa44899c8e,2026-05-25,,2026-05-25 17:13:40.765647+00
f266ce9a-ef6d-4afa-8943-db45e6ebde3a,0c932874-b8b7-4542-a522-a5cffd9c66a9,c5827daf-eb2c-41e0-bdd0-ebbc4ffa2ef1,2026-05-25,,2026-05-25 17:13:43.79821+00
73fee62f-0d2f-4885-aaf9-dbf3285a19d3,0c932874-b8b7-4542-a522-a5cffd9c66a9,36cd05d0-6f77-4cef-b5bc-61a1b60ebe48,2026-05-25,,2026-05-25 17:13:44.409773+00
fa455331-ffa0-409a-a9db-b2f04557ce35,0c932874-b8b7-4542-a522-a5cffd9c66a9,5eac02a4-5494-44b0-a9fd-8634b3d46dca,2026-05-25,,2026-05-25 17:13:47.382401+00
a6e01a85-e262-42d2-b6a0-2d50990e1120,0c932874-b8b7-4542-a522-a5cffd9c66a9,fad8abee-915f-4b91-b682-520dda3ac19a,2026-05-25,,2026-05-25 17:13:49.824198+00
d6645f77-ccf0-4f1a-9089-fd698c6a058f,0c932874-b8b7-4542-a522-a5cffd9c66a9,b46da8c4-f894-4d5e-b131-4f8aa4a429b9,2026-05-25,,2026-05-25 17:13:51.074161+00
c7619016-2656-48b3-b5dd-e6a2e079e0b6,0c932874-b8b7-4542-a522-a5cffd9c66a9,5eac02a4-5494-44b0-a9fd-8634b3d46dca,2026-05-26,,2026-05-26 12:00:00.803635+00
0a646d42-b3ea-4a89-9957-510646302faf,0c932874-b8b7-4542-a522-a5cffd9c66a9,fad8abee-915f-4b91-b682-520dda3ac19a,2026-05-26,,2026-05-26 12:00:31.970167+00
71e97c5f-02df-4e29-a057-7fa8c249c70b,0c932874-b8b7-4542-a522-a5cffd9c66a9,36cd05d0-6f77-4cef-b5bc-61a1b60ebe48,2026-05-26,,2026-05-26 12:00:33.390477+00
c155e779-e217-4223-8c19-fe9aca580c06,0c932874-b8b7-4542-a522-a5cffd9c66a9,c5827daf-eb2c-41e0-bdd0-ebbc4ffa2ef1,2026-05-26,,2026-05-26 12:00:33.72192+00
8aa22aa8-4c0b-40ba-a2f9-ce3a334c2c77,0c932874-b8b7-4542-a522-a5cffd9c66a9,b531e6d0-d7c7-4de9-a454-c07af93098c9,2026-05-26,,2026-05-26 12:00:35.241729+00
2579a4e7-5898-4c95-921b-ad7337cc0416,0c932874-b8b7-4542-a522-a5cffd9c66a9,71f22fc5-e5e3-4969-b188-53fa44899c8e,2026-05-26,,2026-05-26 12:00:36.563417+00
ed66b809-45e9-4ee0-a99d-7550f9d8d0d3,0c932874-b8b7-4542-a522-a5cffd9c66a9,b46da8c4-f894-4d5e-b131-4f8aa4a429b9,2026-05-26,,2026-05-26 12:00:39.096295+00
38d282e3-ade2-44ba-bdd4-f142c9d03202,4dca53bc-1217-4019-8969-deb495aebae2,48aeee03-791c-4387-acc4-5b156645a296,2026-05-26,,2026-05-26 18:47:04.449236+00
34656f1b-f83b-4904-aaab-298b71dbb422,4dca53bc-1217-4019-8969-deb495aebae2,086d5a78-0678-464b-81d5-6b3b53b553ec,2026-05-26,,2026-05-26 18:47:06.853054+00
baa4417a-9286-418c-be4e-e4bbb14b8dac,4dca53bc-1217-4019-8969-deb495aebae2,0d311a4f-2753-42df-8ec5-4c741a7b4ce4,2026-05-26,,2026-05-26 18:47:08.866449+00
86ade09a-1dd3-4768-8f29-07f3561278f8,4dca53bc-1217-4019-8969-deb495aebae2,a1c1b022-c029-45ad-9e44-0205679ef77e,2026-05-26,,2026-05-26 18:47:13.291924+00
26b4b84c-4c66-43d6-8d70-86b8c50d2b28,4dca53bc-1217-4019-8969-deb495aebae2,0dd4406c-3de6-4054-9c4b-4987a8f4ed07,2026-05-26,,2026-05-26 18:47:14.460159+00
192e83da-aa77-4bd7-80ca-8fffb5ab09db,4dca53bc-1217-4019-8969-deb495aebae2,0b5938c3-6b7a-496f-b5ec-b8009569d7f4,2026-05-26,,2026-05-26 18:47:15.135959+00
99f4ae3d-0b15-4d11-a728-83f20e0753b5,4dca53bc-1217-4019-8969-deb495aebae2,fc2ea886-07b2-443c-9d32-c98776b4c181,2026-05-26,,2026-05-26 18:47:18.574289+00
bf65597c-d08e-4581-a6af-301300f828fe,4dca53bc-1217-4019-8969-deb495aebae2,0b5938c3-6b7a-496f-b5ec-b8009569d7f4,2026-05-27,,2026-05-27 12:12:34.623414+00
5861341e-2b25-4139-8859-3f863e2cb87c,4dca53bc-1217-4019-8969-deb495aebae2,0dd4406c-3de6-4054-9c4b-4987a8f4ed07,2026-05-27,,2026-05-27 12:15:15.057998+00
e0148dec-df4f-413c-9484-965980a233aa,4dca53bc-1217-4019-8969-deb495aebae2,086d5a78-0678-464b-81d5-6b3b53b553ec,2026-05-27,,2026-05-27 12:17:11.775927+00
0e9ae37a-6f83-4dea-8106-e50c33da6887,4dca53bc-1217-4019-8969-deb495aebae2,0d311a4f-2753-42df-8ec5-4c741a7b4ce4,2026-05-27,,2026-05-27 12:18:32.303528+00
5829f8e9-5f91-4edc-928a-d368341e6c48,4dca53bc-1217-4019-8969-deb495aebae2,a1c1b022-c029-45ad-9e44-0205679ef77e,2026-05-27,,2026-05-27 12:18:34.941516+00
3805ff52-eacc-4ea2-9a8a-a1818d4535c4,4dca53bc-1217-4019-8969-deb495aebae2,48aeee03-791c-4387-acc4-5b156645a296,2026-05-27,,2026-05-27 12:21:38.087017+00
6814a0fe-d828-44ee-92a4-d63d910f97f2,4dca53bc-1217-4019-8969-deb495aebae2,fc2ea886-07b2-443c-9d32-c98776b4c181,2026-05-27,,2026-05-27 12:33:00.790581+00
3ce81b4d-85bf-4ea8-85d4-9707d84ca637,4dca53bc-1217-4019-8969-deb495aebae2,0b5938c3-6b7a-496f-b5ec-b8009569d7f4,2026-05-28,,2026-05-28 10:59:11.634434+00
4867d2f5-8775-4b9a-90a9-18e16ec7f93c,4dca53bc-1217-4019-8969-deb495aebae2,a1c1b022-c029-45ad-9e44-0205679ef77e,2026-05-28,,2026-05-28 11:02:32.985086+00
4e99d943-87b4-4d7d-b9de-539630c06da1,4dca53bc-1217-4019-8969-deb495aebae2,0d311a4f-2753-42df-8ec5-4c741a7b4ce4,2026-05-28,,2026-05-28 11:04:06.093761+00
c8bb971d-c143-4c80-b857-0134db5158bf,4dca53bc-1217-4019-8969-deb495aebae2,0dd4406c-3de6-4054-9c4b-4987a8f4ed07,2026-05-28,,2026-05-28 12:06:53.881076+00
ae2fc801-31db-4f82-8f10-19b25980ca00,4dca53bc-1217-4019-8969-deb495aebae2,fc2ea886-07b2-443c-9d32-c98776b4c181,2026-05-28,,2026-05-28 12:07:02.042887+00
c16be05f-1c99-492c-a6f1-b25bc771c130,4dca53bc-1217-4019-8969-deb495aebae2,086d5a78-0678-464b-81d5-6b3b53b553ec,2026-05-28,,2026-05-28 12:11:43.205906+00
4f9dfd9d-658e-4c67-9930-7e03efa13c4e,4dca53bc-1217-4019-8969-deb495aebae2,48aeee03-791c-4387-acc4-5b156645a296,2026-05-28,,2026-05-28 12:14:39.587533+00
d42c4bd8-1066-47d9-9d36-a006e565be04,0c932874-b8b7-4542-a522-a5cffd9c66a9,5eac02a4-5494-44b0-a9fd-8634b3d46dca,2026-05-28,,2026-05-28 19:00:46.691369+00
a6c07ae2-d879-414b-adf2-7051859c7b55,0c932874-b8b7-4542-a522-a5cffd9c66a9,71f22fc5-e5e3-4969-b188-53fa44899c8e,2026-05-28,,2026-05-28 19:00:46.771876+00
67ca375e-56de-4b84-af5f-02b0643d6a35,0c932874-b8b7-4542-a522-a5cffd9c66a9,b531e6d0-d7c7-4de9-a454-c07af93098c9,2026-05-28,,2026-05-28 19:00:47.346648+00
c925b68f-5ef2-419c-bfad-8e59641916e9,0c932874-b8b7-4542-a522-a5cffd9c66a9,36cd05d0-6f77-4cef-b5bc-61a1b60ebe48,2026-05-28,,2026-05-28 19:00:48.852607+00
e8a17bce-c758-42e4-8bb5-8026dfddaaf1,0c932874-b8b7-4542-a522-a5cffd9c66a9,c5827daf-eb2c-41e0-bdd0-ebbc4ffa2ef1,2026-05-28,,2026-05-28 19:00:50.352885+00
bae42254-12b2-4a5a-91c1-3517bcdb2dda,0c932874-b8b7-4542-a522-a5cffd9c66a9,fad8abee-915f-4b91-b682-520dda3ac19a,2026-05-28,,2026-05-28 19:00:51.752469+00
d4c73e6a-6d02-4874-bec3-2226dd6780f5,0c932874-b8b7-4542-a522-a5cffd9c66a9,b46da8c4-f894-4d5e-b131-4f8aa4a429b9,2026-05-28,,2026-05-28 19:00:52.79919+00
fc2e1f9e-c1a3-4d01-8391-5bb4f79ec42a,4dca53bc-1217-4019-8969-deb495aebae2,48aeee03-791c-4387-acc4-5b156645a296,2026-05-29,,2026-05-29 11:06:04.205544+00
1df1f65e-296e-4ec0-8fa0-f24c2e24cea5,4dca53bc-1217-4019-8969-deb495aebae2,086d5a78-0678-464b-81d5-6b3b53b553ec,2026-05-29,,2026-05-29 11:07:51.984879+00
24a60d3e-1a57-43a7-b391-04aaa13d616f,4dca53bc-1217-4019-8969-deb495aebae2,0d311a4f-2753-42df-8ec5-4c741a7b4ce4,2026-05-29,,2026-05-29 11:13:39.834546+00
619a4cbc-aef9-4ba3-afc9-df483413a14c,4dca53bc-1217-4019-8969-deb495aebae2,0b5938c3-6b7a-496f-b5ec-b8009569d7f4,2026-05-29,,2026-05-29 11:13:43.677102+00
7a8b4247-bf2a-450f-b935-a95e57576380,4dca53bc-1217-4019-8969-deb495aebae2,a1c1b022-c029-45ad-9e44-0205679ef77e,2026-05-29,,2026-05-29 11:15:34.666817+00
182fe22f-3994-4cee-aeb3-e5c328aeabd8,0c932874-b8b7-4542-a522-a5cffd9c66a9,36cd05d0-6f77-4cef-b5bc-61a1b60ebe48,2026-05-29,,2026-05-29 12:06:12.521635+00
61ffa194-fb06-4a6f-8b76-86cd4c12808c,0c932874-b8b7-4542-a522-a5cffd9c66a9,c5827daf-eb2c-41e0-bdd0-ebbc4ffa2ef1,2026-05-29,,2026-05-29 12:06:13.220543+00
4ee8ec1c-949e-4cd6-b4d2-f7f1f58e1a76,4dca53bc-1217-4019-8969-deb495aebae2,0dd4406c-3de6-4054-9c4b-4987a8f4ed07,2026-05-29,,2026-05-29 12:12:02.348747+00
ee68af99-cd30-4364-b610-3a2648c9f913,0c932874-b8b7-4542-a522-a5cffd9c66a9,b46da8c4-f894-4d5e-b131-4f8aa4a429b9,2026-05-29,,2026-05-29 12:23:12.883113+00
1e0b31e9-229a-45db-845f-4a67a3560fa3,0c932874-b8b7-4542-a522-a5cffd9c66a9,71f22fc5-e5e3-4969-b188-53fa44899c8e,2026-05-29,,2026-05-29 12:23:16.559367+00
ce24603c-a703-4bff-b076-3c40f76a7943,0c932874-b8b7-4542-a522-a5cffd9c66a9,5eac02a4-5494-44b0-a9fd-8634b3d46dca,2026-05-29,,2026-05-29 12:23:16.642089+00
d65a8cd6-6f80-441c-8722-10294914a62e,0c932874-b8b7-4542-a522-a5cffd9c66a9,b531e6d0-d7c7-4de9-a454-c07af93098c9,2026-05-29,,2026-05-29 12:23:16.898403+00
056392ac-6900-4732-ae57-2fed80014c61,4dca53bc-1217-4019-8969-deb495aebae2,0d311a4f-2753-42df-8ec5-4c741a7b4ce4,2026-06-01,,2026-06-01 11:11:07.830648+00
6b13a124-b145-43c0-aef9-80ce663ce964,4dca53bc-1217-4019-8969-deb495aebae2,086d5a78-0678-464b-81d5-6b3b53b553ec,2026-06-01,,2026-06-01 11:15:43.24168+00
3917ab2e-1fd4-4bf3-8028-9dd53ba0dba8,4dca53bc-1217-4019-8969-deb495aebae2,a1c1b022-c029-45ad-9e44-0205679ef77e,2026-06-01,,2026-06-01 11:25:29.637184+00
9f038cb0-c6d6-451c-ae2f-6b1794de05c0,0c932874-b8b7-4542-a522-a5cffd9c66a9,5eac02a4-5494-44b0-a9fd-8634b3d46dca,2026-06-01,,2026-06-01 12:06:59.399071+00
f31f7e90-9bd5-4451-af91-e0c005cdb7b8,0c932874-b8b7-4542-a522-a5cffd9c66a9,71f22fc5-e5e3-4969-b188-53fa44899c8e,2026-06-01,,2026-06-01 12:07:00.309707+00
5865d443-774d-45ca-b1f1-e3ebf065baf8,0c932874-b8b7-4542-a522-a5cffd9c66a9,b531e6d0-d7c7-4de9-a454-c07af93098c9,2026-06-01,,2026-06-01 12:07:00.593548+00
0124f687-3abb-4aca-9164-a8b4c2671eca,0c932874-b8b7-4542-a522-a5cffd9c66a9,c5827daf-eb2c-41e0-bdd0-ebbc4ffa2ef1,2026-06-01,,2026-06-01 12:07:01.251758+00
33ccbf53-4bf3-4b9f-a8a2-be58e8675cd9,0c932874-b8b7-4542-a522-a5cffd9c66a9,36cd05d0-6f77-4cef-b5bc-61a1b60ebe48,2026-06-01,,2026-06-01 12:07:03.745308+00
53443bae-7da2-4004-92c3-a32f8bd6de85,0c932874-b8b7-4542-a522-a5cffd9c66a9,fad8abee-915f-4b91-b682-520dda3ac19a,2026-06-01,,2026-06-01 12:07:04.521474+00
8fffe7c5-2496-4fde-9cfa-a305246b2a17,0c932874-b8b7-4542-a522-a5cffd9c66a9,b46da8c4-f894-4d5e-b131-4f8aa4a429b9,2026-06-01,,2026-06-01 12:07:06.225386+00
cefa4b14-ca53-4561-93d5-15f858fddb11,4dca53bc-1217-4019-8969-deb495aebae2,fc2ea886-07b2-443c-9d32-c98776b4c181,2026-06-01,,2026-06-01 12:56:09.256069+00
587d7aaf-809c-4f39-9e3f-baaa22adf35e,4dca53bc-1217-4019-8969-deb495aebae2,48aeee03-791c-4387-acc4-5b156645a296,2026-06-02,,2026-06-02 11:11:46.345598+00
4a8f0b29-4425-4762-acf9-5cc5bf364c5f,4dca53bc-1217-4019-8969-deb495aebae2,0b5938c3-6b7a-496f-b5ec-b8009569d7f4,2026-06-02,,2026-06-02 19:51:28.218839+00
e608f0e8-84d9-46fe-8a24-22af449e7941,4dca53bc-1217-4019-8969-deb495aebae2,0dd4406c-3de6-4054-9c4b-4987a8f4ed07,2026-06-02,,2026-06-02 19:51:28.627922+00
5fc9dd39-4fd7-49a4-a450-f60df7a024aa,4dca53bc-1217-4019-8969-deb495aebae2,a1c1b022-c029-45ad-9e44-0205679ef77e,2026-06-02,,2026-06-02 19:51:29.768212+00
38d2f893-f08a-48c6-ad1e-7640dd9c2e59,4dca53bc-1217-4019-8969-deb495aebae2,fc2ea886-07b2-443c-9d32-c98776b4c181,2026-06-02,,2026-06-02 19:51:49.136182+00
e67a076d-b7af-4c06-bece-30763e537365,4dca53bc-1217-4019-8969-deb495aebae2,086d5a78-0678-464b-81d5-6b3b53b553ec,2026-06-02,,2026-06-02 19:51:52.318544+00
129ea67c-6d8a-4f59-adad-241925c4ff5b,4dca53bc-1217-4019-8969-deb495aebae2,0d311a4f-2753-42df-8ec5-4c741a7b4ce4,2026-06-02,,2026-06-02 19:51:53.429408+00
cdde9990-9233-4058-b4c7-b312e804e9d0,4dca53bc-1217-4019-8969-deb495aebae2,0b5938c3-6b7a-496f-b5ec-b8009569d7f4,2026-06-03,,2026-06-03 11:45:45.627262+00
6dd3adb0-b261-4d82-9763-b3f592889461,4dca53bc-1217-4019-8969-deb495aebae2,0dd4406c-3de6-4054-9c4b-4987a8f4ed07,2026-06-03,,2026-06-03 11:49:58.609589+00
6c1d7630-6883-4ab2-807f-c4bb52340b4b,4dca53bc-1217-4019-8969-deb495aebae2,48aeee03-791c-4387-acc4-5b156645a296,2026-06-03,,2026-06-03 11:52:39.632531+00
5705209f-7a66-40b5-930b-ed00236a6a25,4dca53bc-1217-4019-8969-deb495aebae2,a1c1b022-c029-45ad-9e44-0205679ef77e,2026-06-03,,2026-06-03 11:52:46.755576+00
b4e0375b-14fa-487a-bb3c-8eb4484373b8,4dca53bc-1217-4019-8969-deb495aebae2,086d5a78-0678-464b-81d5-6b3b53b553ec,2026-06-03,,2026-06-03 11:53:49.655517+00
6204555f-8dc7-44b7-8f2d-a09908058526,4dca53bc-1217-4019-8969-deb495aebae2,0d311a4f-2753-42df-8ec5-4c741a7b4ce4,2026-06-03,,2026-06-03 11:56:08.293309+00
6548cc79-95c5-4eca-a639-895e3c91ff7a,4dca53bc-1217-4019-8969-deb495aebae2,fc2ea886-07b2-443c-9d32-c98776b4c181,2026-06-03,,2026-06-03 15:05:36.025892+00
717159f7-9ee9-4ebf-8961-edb8d961c256,4dca53bc-1217-4019-8969-deb495aebae2,0dd4406c-3de6-4054-9c4b-4987a8f4ed07,2026-06-04,,2026-06-04 11:40:20.611048+00
bd8b38fa-002a-42df-84bd-fef08c7f55a1,4dca53bc-1217-4019-8969-deb495aebae2,0d311a4f-2753-42df-8ec5-4c741a7b4ce4,2026-06-04,,2026-06-04 11:40:28.86901+00
28fb4f95-7440-463e-9b6d-9753ebe2316e,4dca53bc-1217-4019-8969-deb495aebae2,086d5a78-0678-464b-81d5-6b3b53b553ec,2026-06-04,,2026-06-04 11:40:34.041787+00
2c0002c7-ea67-49da-95ce-75a7a4724a2b,4dca53bc-1217-4019-8969-deb495aebae2,48aeee03-791c-4387-acc4-5b156645a296,2026-06-04,,2026-06-04 11:40:36.149278+00
408f0e34-77c6-4be5-9449-40b179f52b47,0c932874-b8b7-4542-a522-a5cffd9c66a9,5eac02a4-5494-44b0-a9fd-8634b3d46dca,2026-06-04,,2026-06-04 12:03:01.677554+00
bc1d8ab8-e948-4b0f-9e92-368d562db57d,0c932874-b8b7-4542-a522-a5cffd9c66a9,71f22fc5-e5e3-4969-b188-53fa44899c8e,2026-06-04,,2026-06-04 12:03:03.508681+00
c5ffc147-9dcc-4e38-ad42-ac7cac70e015,0c932874-b8b7-4542-a522-a5cffd9c66a9,b531e6d0-d7c7-4de9-a454-c07af93098c9,2026-06-04,,2026-06-04 12:03:03.605279+00
10e55d11-b5fc-4400-bff0-803d17c5f875,0c932874-b8b7-4542-a522-a5cffd9c66a9,c5827daf-eb2c-41e0-bdd0-ebbc4ffa2ef1,2026-06-04,,2026-06-04 12:03:08.108353+00
2ae86cd5-0a32-4a6c-98e6-8ebcce924c29,0c932874-b8b7-4542-a522-a5cffd9c66a9,36cd05d0-6f77-4cef-b5bc-61a1b60ebe48,2026-06-04,,2026-06-04 12:03:08.398757+00
54c2da8a-bac6-4d29-a221-42a2f29fff06,0c932874-b8b7-4542-a522-a5cffd9c66a9,b46da8c4-f894-4d5e-b131-4f8aa4a429b9,2026-06-04,,2026-06-04 12:03:10.123371+00
2ee26d32-5702-45af-b9ab-5d8639fcf52f,0c932874-b8b7-4542-a522-a5cffd9c66a9,fad8abee-915f-4b91-b682-520dda3ac19a,2026-06-04,,2026-06-04 12:03:13.047675+00
6f11ce87-c84f-4079-9aad-76148df8ecf0,4dca53bc-1217-4019-8969-deb495aebae2,0b5938c3-6b7a-496f-b5ec-b8009569d7f4,2026-06-04,,2026-06-04 13:23:29.694467+00
a07db35f-2628-4936-8a4d-941803d64059,4dca53bc-1217-4019-8969-deb495aebae2,a1c1b022-c029-45ad-9e44-0205679ef77e,2026-06-04,,2026-06-04 13:23:30.64944+00
2d5688bc-f331-4775-b5bf-5c28a55c022f,4dca53bc-1217-4019-8969-deb495aebae2,fc2ea886-07b2-443c-9d32-c98776b4c181,2026-06-04,,2026-06-04 13:23:35.369879+00
fe75c0a4-2cab-40d8-b9c5-013ca47d1350,0c932874-b8b7-4542-a522-a5cffd9c66a9,5eac02a4-5494-44b0-a9fd-8634b3d46dca,2026-06-05,,2026-06-05 13:16:33.258312+00
f9b2662d-2960-4a0e-a23e-3529b60c9e64,0c932874-b8b7-4542-a522-a5cffd9c66a9,71f22fc5-e5e3-4969-b188-53fa44899c8e,2026-06-05,,2026-06-05 13:16:33.400697+00
1cd4ffca-336d-4100-9bc4-b720ddcb2caa,0c932874-b8b7-4542-a522-a5cffd9c66a9,b531e6d0-d7c7-4de9-a454-c07af93098c9,2026-06-05,,2026-06-05 13:16:33.865242+00
345a2b36-11b3-4ede-bfea-0b65c5c37093,0c932874-b8b7-4542-a522-a5cffd9c66a9,c5827daf-eb2c-41e0-bdd0-ebbc4ffa2ef1,2026-06-05,,2026-06-05 13:16:35.931096+00
5f09d613-9727-4ee1-b49d-d6c77e598a5a,0c932874-b8b7-4542-a522-a5cffd9c66a9,36cd05d0-6f77-4cef-b5bc-61a1b60ebe48,2026-06-05,,2026-06-05 13:16:36.372899+00
632bf34d-eb42-4475-bcb4-72c020638608,0c932874-b8b7-4542-a522-a5cffd9c66a9,fad8abee-915f-4b91-b682-520dda3ac19a,2026-06-05,,2026-06-05 13:16:37.968943+00
4993d028-57c6-4e21-a05b-69e601c5671c,0c932874-b8b7-4542-a522-a5cffd9c66a9,b46da8c4-f894-4d5e-b131-4f8aa4a429b9,2026-06-05,,2026-06-05 13:16:39.278179+00
a57b97bb-bf06-45da-af5f-8b12f10a14d9,4dca53bc-1217-4019-8969-deb495aebae2,086d5a78-0678-464b-81d5-6b3b53b553ec,2026-06-05,,2026-06-05 20:13:10.657124+00
c5774fbc-fc38-442c-9cc1-e03f71c25fc5,4dca53bc-1217-4019-8969-deb495aebae2,0b5938c3-6b7a-496f-b5ec-b8009569d7f4,2026-06-05,,2026-06-05 20:13:13.125371+00
74ef04d5-9c38-4164-b83f-92cad3199d46,4dca53bc-1217-4019-8969-deb495aebae2,a1c1b022-c029-45ad-9e44-0205679ef77e,2026-06-05,,2026-06-05 20:13:20.426739+00
7dece4a5-f40b-4809-b661-0cd790a0166f,4dca53bc-1217-4019-8969-deb495aebae2,0dd4406c-3de6-4054-9c4b-4987a8f4ed07,2026-06-05,,2026-06-05 20:13:24.495838+00
4e9a2cc1-c38d-4b8d-9e7f-cc41e69213f8,4dca53bc-1217-4019-8969-deb495aebae2,48aeee03-791c-4387-acc4-5b156645a296,2026-06-05,,2026-06-05 20:13:32.603701+00
dda29180-e542-4e48-9ade-6c8d7b30a23b,4dca53bc-1217-4019-8969-deb495aebae2,0d311a4f-2753-42df-8ec5-4c741a7b4ce4,2026-06-05,,2026-06-05 22:05:42.011965+00
b6577eb5-7771-43a9-97d9-53ad547b63d2,4dca53bc-1217-4019-8969-deb495aebae2,fc2ea886-07b2-443c-9d32-c98776b4c181,2026-06-05,,2026-06-05 22:05:43.799746+00
aaf6a88a-9332-43d1-a5f5-07c9b4587b16,4dca53bc-1217-4019-8969-deb495aebae2,0b5938c3-6b7a-496f-b5ec-b8009569d7f4,2026-06-06,,2026-06-06 16:52:08.698503+00
10aba8da-a16e-4fba-8498-2c4a6a9d711e,4dca53bc-1217-4019-8969-deb495aebae2,0dd4406c-3de6-4054-9c4b-4987a8f4ed07,2026-06-06,,2026-06-06 16:52:08.798366+00
37e3474b-ce7e-480f-a5f4-68c7a67cbf5d,4dca53bc-1217-4019-8969-deb495aebae2,0d311a4f-2753-42df-8ec5-4c741a7b4ce4,2026-06-06,,2026-06-06 16:52:10.549469+00
9b30637f-3bc5-4a55-b805-355596d28923,4dca53bc-1217-4019-8969-deb495aebae2,a1c1b022-c029-45ad-9e44-0205679ef77e,2026-06-06,,2026-06-06 16:52:11.901201+00
c1c656b7-6602-4880-a203-8e2a08b7adcd,4dca53bc-1217-4019-8969-deb495aebae2,086d5a78-0678-464b-81d5-6b3b53b553ec,2026-06-06,,2026-06-06 16:52:13.275932+00
e13b5aaf-c8d0-4e04-997a-abf4e9923135,4dca53bc-1217-4019-8969-deb495aebae2,48aeee03-791c-4387-acc4-5b156645a296,2026-06-06,,2026-06-06 16:52:14.476113+00
903528b8-408b-4631-ba26-c036f1e53020,4dca53bc-1217-4019-8969-deb495aebae2,fc2ea886-07b2-443c-9d32-c98776b4c181,2026-06-06,,2026-06-06 16:52:19.139933+00
7661ba8b-1acf-4346-aad9-f2539ff3ccf8,4dca53bc-1217-4019-8969-deb495aebae2,04d0e1a6-b53a-4e8f-9ebe-da5be7dddb71,2026-06-08,,2026-06-08 11:21:15.564+00
26e785df-7725-4507-bca0-4df40f321753,4dca53bc-1217-4019-8969-deb495aebae2,06059e5f-b79d-4a5c-81de-4c0382dc52cd,2026-06-08,,2026-06-08 11:21:26.687046+00
063418be-db3e-478c-865a-8209cdf7b3f3,4dca53bc-1217-4019-8969-deb495aebae2,25ee85fb-db5c-4dc2-befd-a303b684a4e0,2026-06-08,,2026-06-08 11:24:20.688155+00
f7e7ade4-b012-45d0-a89a-f40532142718,4dca53bc-1217-4019-8969-deb495aebae2,3f6f18fa-d87f-4415-b1c8-c4fdf2b1b80f,2026-06-08,,2026-06-08 11:24:22.868298+00
faca9c43-dd2e-4a9d-a77a-ad99b1f4ad20,4dca53bc-1217-4019-8969-deb495aebae2,047c03ea-2a17-4987-97c0-5eae9bef3816,2026-06-08,,2026-06-08 11:39:09.198988+00
8b835100-d86e-4881-8d23-7878c60c9e37,4dca53bc-1217-4019-8969-deb495aebae2,480e7855-6ca1-4828-97e5-e780b4e51768,2026-06-08,,2026-06-08 11:39:14.253045+00
75168aeb-5f15-43e0-9b1d-3c5d19d9dd59,0c932874-b8b7-4542-a522-a5cffd9c66a9,5eac02a4-5494-44b0-a9fd-8634b3d46dca,2026-06-08,,2026-06-08 12:32:40.513066+00
1e650d3f-954e-4af1-a61e-3d51ffbedeb7,0c932874-b8b7-4542-a522-a5cffd9c66a9,71f22fc5-e5e3-4969-b188-53fa44899c8e,2026-06-08,,2026-06-08 12:32:42.711285+00
b0c98c9e-3aa2-4bf6-a177-094a8b3d36bc,0c932874-b8b7-4542-a522-a5cffd9c66a9,b531e6d0-d7c7-4de9-a454-c07af93098c9,2026-06-08,,2026-06-08 12:32:44.286051+00
9b08b4cb-9900-4e4f-807f-0768df16c2ef,0c932874-b8b7-4542-a522-a5cffd9c66a9,36cd05d0-6f77-4cef-b5bc-61a1b60ebe48,2026-06-08,,2026-06-08 12:32:48.33212+00
16efb1c9-9d2c-43da-a223-27ccefff6eaf,0c932874-b8b7-4542-a522-a5cffd9c66a9,c5827daf-eb2c-41e0-bdd0-ebbc4ffa2ef1,2026-06-08,,2026-06-08 12:32:48.664752+00
dde48583-6e10-4225-b24e-90512ecea7cc,0c932874-b8b7-4542-a522-a5cffd9c66a9,fad8abee-915f-4b91-b682-520dda3ac19a,2026-06-08,,2026-06-08 12:32:54.246357+00
3d27fc1b-ecf6-4b10-a961-ab6d759e59bd,0c932874-b8b7-4542-a522-a5cffd9c66a9,b46da8c4-f894-4d5e-b131-4f8aa4a429b9,2026-06-08,,2026-06-08 12:32:55.184391+00
c0f14690-e24a-4a1a-9a8e-748a96678602,4dca53bc-1217-4019-8969-deb495aebae2,aa262e09-b5dc-4866-9803-8fb199838ed6,2026-06-08,,2026-06-08 13:00:53.819341+00
edb4ba3a-124c-452b-84b0-0e64c5ada242,4dca53bc-1217-4019-8969-deb495aebae2,3f9ba17e-ecc3-4fd1-aad2-185d4f88b509,2026-06-08,,2026-06-08 13:01:02.340526+00
42958ac5-5069-4c36-b66b-29f980a8b2e7,4dca53bc-1217-4019-8969-deb495aebae2,4613057a-f34e-4586-9c37-5e020e1b6b0a,2026-06-08,,2026-06-08 13:17:16.433813+00
f3c0ce9b-fc80-456e-8cf6-deae54aad5b7,4dca53bc-1217-4019-8969-deb495aebae2,391a2ea0-0ed8-45bc-9d0f-49c8d6b50795,2026-06-08,,2026-06-08 13:17:19.563141+00
a012953b-ad98-482e-8deb-96c4ad766128,4dca53bc-1217-4019-8969-deb495aebae2,04d0e1a6-b53a-4e8f-9ebe-da5be7dddb71,2026-06-09,,2026-06-09 10:59:39.283286+00
7a16b755-2c20-4b81-a6cd-0ee1d0d17487,4dca53bc-1217-4019-8969-deb495aebae2,25ee85fb-db5c-4dc2-befd-a303b684a4e0,2026-06-09,,2026-06-09 10:59:40.53509+00
8831b554-20eb-4c99-9311-d003dfbae0dd,4dca53bc-1217-4019-8969-deb495aebae2,aa262e09-b5dc-4866-9803-8fb199838ed6,2026-06-09,,2026-06-09 10:59:41.342407+00
9c8daabc-f8a0-4089-be60-2c2c508e4959,4dca53bc-1217-4019-8969-deb495aebae2,4613057a-f34e-4586-9c37-5e020e1b6b0a,2026-06-09,,2026-06-09 10:59:44.050289+00
3e67046f-ced7-46b5-aadf-610e9485d748,4dca53bc-1217-4019-8969-deb495aebae2,06059e5f-b79d-4a5c-81de-4c0382dc52cd,2026-06-09,,2026-06-09 10:59:45.375665+00
3b70ac6e-b663-4e18-a1fb-396a7a1ccf01,4dca53bc-1217-4019-8969-deb495aebae2,3f9ba17e-ecc3-4fd1-aad2-185d4f88b509,2026-06-09,,2026-06-09 10:59:53.746744+00
bb0bf47f-c631-4e2c-8055-ee93e2d0936e,4dca53bc-1217-4019-8969-deb495aebae2,480e7855-6ca1-4828-97e5-e780b4e51768,2026-06-09,,2026-06-09 11:14:24.861545+00
3e07ef16-8ff4-43f4-8ecb-1228643e84b6,4dca53bc-1217-4019-8969-deb495aebae2,3f6f18fa-d87f-4415-b1c8-c4fdf2b1b80f,2026-06-09,,2026-06-09 11:14:25.965114+00
58e444da-13e9-413d-a628-1484379d1f66,0c932874-b8b7-4542-a522-a5cffd9c66a9,5eac02a4-5494-44b0-a9fd-8634b3d46dca,2026-06-09,,2026-06-09 12:06:48.441466+00
4adb91ef-c898-4179-9fa8-e6d0bb0eddad,0c932874-b8b7-4542-a522-a5cffd9c66a9,71f22fc5-e5e3-4969-b188-53fa44899c8e,2026-06-09,,2026-06-09 12:06:48.88483+00
c735ef30-9efb-4e58-8798-9e6e28388262,0c932874-b8b7-4542-a522-a5cffd9c66a9,b531e6d0-d7c7-4de9-a454-c07af93098c9,2026-06-09,,2026-06-09 12:06:49.297288+00
4fd82ba8-1173-44fa-bcfb-010bf375a277,0c932874-b8b7-4542-a522-a5cffd9c66a9,c5827daf-eb2c-41e0-bdd0-ebbc4ffa2ef1,2026-06-09,,2026-06-09 12:06:51.763897+00
8b67cffc-23f4-47f3-9d92-6549a3b0d970,0c932874-b8b7-4542-a522-a5cffd9c66a9,36cd05d0-6f77-4cef-b5bc-61a1b60ebe48,2026-06-09,,2026-06-09 12:06:52.113114+00
8ffcabaa-7d7c-4d1f-b50f-a356e254ac63,0c932874-b8b7-4542-a522-a5cffd9c66a9,fad8abee-915f-4b91-b682-520dda3ac19a,2026-06-09,,2026-06-09 12:06:53.341711+00
63e878d3-5c0f-4d28-96e4-eb3457164a05,0c932874-b8b7-4542-a522-a5cffd9c66a9,b46da8c4-f894-4d5e-b131-4f8aa4a429b9,2026-06-09,,2026-06-09 12:06:54.848171+00
e475298c-e6cb-4240-a433-32ee925b9416,4dca53bc-1217-4019-8969-deb495aebae2,047c03ea-2a17-4987-97c0-5eae9bef3816,2026-06-09,,2026-06-09 13:29:16.949065+00
ab47a2db-b977-4305-9bac-5661663666dd,4dca53bc-1217-4019-8969-deb495aebae2,391a2ea0-0ed8-45bc-9d0f-49c8d6b50795,2026-06-09,,2026-06-09 13:29:18.76796+00
79f68000-82df-4227-bdbf-7730b9d24f78,75061457-1a89-462a-b288-a63ce1bf59e9,3ab97b26-f8c0-4d58-97e5-e07f974da383,2026-06-10,,2026-06-10 12:11:37.298983+00
a223fd6b-3eee-4b82-bf91-41fd64bc97a2,75061457-1a89-462a-b288-a63ce1bf59e9,1c915711-06b8-45a5-94aa-e56e34f3dfb4,2026-06-10,,2026-06-10 12:11:39.866073+00
10730a25-a2be-45ed-9308-4a2aca1b5bc9,75061457-1a89-462a-b288-a63ce1bf59e9,c017c195-4296-4450-a05f-0e2aa9426fd0,2026-06-10,,2026-06-10 12:11:47.722111+00
329e0fab-2fe5-4f6f-970d-0d081c0a9929,4dca53bc-1217-4019-8969-deb495aebae2,4613057a-f34e-4586-9c37-5e020e1b6b0a,2026-06-10,,2026-06-10 12:32:17.997898+00
90cd2350-ce90-4d8c-92ff-b583f4f91001,4dca53bc-1217-4019-8969-deb495aebae2,04d0e1a6-b53a-4e8f-9ebe-da5be7dddb71,2026-06-10,,2026-06-10 12:32:28.810082+00
ba408616-1047-499a-a169-a6f26d7ac5f0,4dca53bc-1217-4019-8969-deb495aebae2,480e7855-6ca1-4828-97e5-e780b4e51768,2026-06-10,,2026-06-10 12:32:43.847427+00
40c9897c-9cdb-4143-ac45-e4a978421a2c,4dca53bc-1217-4019-8969-deb495aebae2,3f6f18fa-d87f-4415-b1c8-c4fdf2b1b80f,2026-06-10,,2026-06-10 12:33:39.602225+00
aee3eb2c-e39e-41a0-8f55-af96cdb776fe,4dca53bc-1217-4019-8969-deb495aebae2,3f9ba17e-ecc3-4fd1-aad2-185d4f88b509,2026-06-10,,2026-06-10 12:33:41.321759+00
ff36576a-496f-4bda-9ef8-b1160102d5ec,4dca53bc-1217-4019-8969-deb495aebae2,047c03ea-2a17-4987-97c0-5eae9bef3816,2026-06-10,,2026-06-10 12:33:46.120487+00
260dfc2e-4b98-481e-96b9-c68156180b4d,4dca53bc-1217-4019-8969-deb495aebae2,391a2ea0-0ed8-45bc-9d0f-49c8d6b50795,2026-06-10,,2026-06-10 12:33:47.60859+00
8d454835-a1ad-46f3-850a-07ebdf3c275a,4dca53bc-1217-4019-8969-deb495aebae2,06059e5f-b79d-4a5c-81de-4c0382dc52cd,2026-06-10,,2026-06-10 12:33:50.902334+00
6a62645e-9245-4a6f-a458-caa88499136a,4dca53bc-1217-4019-8969-deb495aebae2,25ee85fb-db5c-4dc2-befd-a303b684a4e0,2026-06-10,,2026-06-10 12:33:52.169352+00
a0b62b0f-35be-4316-8ad7-090e52b80f4e,4dca53bc-1217-4019-8969-deb495aebae2,aa262e09-b5dc-4866-9803-8fb199838ed6,2026-06-10,,2026-06-10 12:33:53.248131+00
9a20b993-bd1d-4486-877a-6c6522342212,75061457-1a89-462a-b288-a63ce1bf59e9,92f75ab9-9d6c-47bd-9261-5d27a6faa261,2026-06-10,,2026-06-10 22:24:20.290563+00
2d9e8c35-3456-4deb-8a12-e1df99f103c6,75061457-1a89-462a-b288-a63ce1bf59e9,50eb2719-6558-4930-b1db-e5110906b13f,2026-06-10,,2026-06-10 22:24:23.37255+00
1b2cd9b3-f4f5-4d75-9409-f9cea0d1cbcf,4dca53bc-1217-4019-8969-deb495aebae2,aa262e09-b5dc-4866-9803-8fb199838ed6,2026-06-11,,2026-06-11 11:03:37.906084+00
64874bf5-1145-4572-b0a8-88720a3a6660,4dca53bc-1217-4019-8969-deb495aebae2,04d0e1a6-b53a-4e8f-9ebe-da5be7dddb71,2026-06-11,,2026-06-11 11:03:39.824411+00
001a694d-3ea8-494b-b412-5faccf92e750,4dca53bc-1217-4019-8969-deb495aebae2,25ee85fb-db5c-4dc2-befd-a303b684a4e0,2026-06-11,,2026-06-11 11:03:41.325639+00
f0758356-4a48-4492-b61d-28297f2455ff,4dca53bc-1217-4019-8969-deb495aebae2,4613057a-f34e-4586-9c37-5e020e1b6b0a,2026-06-11,,2026-06-11 11:03:44.610833+00
04c1750c-aadf-416c-b852-503524265b9a,4dca53bc-1217-4019-8969-deb495aebae2,06059e5f-b79d-4a5c-81de-4c0382dc52cd,2026-06-11,,2026-06-11 11:03:48.259614+00
bc43da25-8cc7-460c-a311-9bcb8618c8c0,4dca53bc-1217-4019-8969-deb495aebae2,3f9ba17e-ecc3-4fd1-aad2-185d4f88b509,2026-06-11,,2026-06-11 11:04:14.129675+00
763ccea5-6607-4b3b-a183-e86f7dda337d,4dca53bc-1217-4019-8969-deb495aebae2,480e7855-6ca1-4828-97e5-e780b4e51768,2026-06-11,,2026-06-11 11:08:22.834957+00
23d0201b-31e7-43d2-8571-88e7a191efdf,4dca53bc-1217-4019-8969-deb495aebae2,3f6f18fa-d87f-4415-b1c8-c4fdf2b1b80f,2026-06-11,,2026-06-11 11:08:24.377285+00
88b71309-0ee8-49cc-9cee-8254c3e07432,0c932874-b8b7-4542-a522-a5cffd9c66a9,5eac02a4-5494-44b0-a9fd-8634b3d46dca,2026-06-11,,2026-06-11 12:09:37.568204+00
5db62f53-c9b7-4ac9-a240-b173ada2cd5f,0c932874-b8b7-4542-a522-a5cffd9c66a9,71f22fc5-e5e3-4969-b188-53fa44899c8e,2026-06-11,,2026-06-11 12:09:38.797363+00
aaab61bd-3e5e-4cf2-b769-74c8b128b930,0c932874-b8b7-4542-a522-a5cffd9c66a9,b531e6d0-d7c7-4de9-a454-c07af93098c9,2026-06-11,,2026-06-11 12:09:43.234437+00
2f939ffc-38e8-48ae-b5fa-92c58ead57e5,0c932874-b8b7-4542-a522-a5cffd9c66a9,c5827daf-eb2c-41e0-bdd0-ebbc4ffa2ef1,2026-06-11,,2026-06-11 12:09:46.351931+00
d05381aa-84c3-448e-a73f-d9c80c1acf33,0c932874-b8b7-4542-a522-a5cffd9c66a9,36cd05d0-6f77-4cef-b5bc-61a1b60ebe48,2026-06-11,,2026-06-11 12:09:46.894731+00
62e11f0f-b241-481d-a46f-e2e97ea95398,0c932874-b8b7-4542-a522-a5cffd9c66a9,fad8abee-915f-4b91-b682-520dda3ac19a,2026-06-11,,2026-06-11 12:09:49.321462+00
ae06240d-f372-4981-8e64-f7934739cad5,0c932874-b8b7-4542-a522-a5cffd9c66a9,b46da8c4-f894-4d5e-b131-4f8aa4a429b9,2026-06-11,,2026-06-11 12:09:51.927534+00
3e523479-05c8-4c84-839a-e627aab880fc,4dca53bc-1217-4019-8969-deb495aebae2,047c03ea-2a17-4987-97c0-5eae9bef3816,2026-06-11,,2026-06-11 12:32:23.235994+00
82455c76-6bd0-488f-b18c-85c020456078,4dca53bc-1217-4019-8969-deb495aebae2,391a2ea0-0ed8-45bc-9d0f-49c8d6b50795,2026-06-11,,2026-06-11 12:32:29.874037+00
214db509-9ce1-4d98-81cd-6ae38c5ab9b0,4dca53bc-1217-4019-8969-deb495aebae2,aa262e09-b5dc-4866-9803-8fb199838ed6,2026-06-12,,2026-06-12 11:15:43.821226+00
b4dc0198-9e91-4fd3-a7e8-4394f0c86c59,4dca53bc-1217-4019-8969-deb495aebae2,04d0e1a6-b53a-4e8f-9ebe-da5be7dddb71,2026-06-12,,2026-06-12 11:16:47.909286+00
8d9a9901-86f7-4a59-befc-e60426026477,4dca53bc-1217-4019-8969-deb495aebae2,06059e5f-b79d-4a5c-81de-4c0382dc52cd,2026-06-12,,2026-06-12 11:17:46.528003+00
cb2e79d4-55bf-4f74-8a08-bf9a85e3f2dc,4dca53bc-1217-4019-8969-deb495aebae2,480e7855-6ca1-4828-97e5-e780b4e51768,2026-06-12,,2026-06-12 11:17:58.574196+00
a98e987b-ac3b-46a6-8cee-e384326260bd,4dca53bc-1217-4019-8969-deb495aebae2,3f6f18fa-d87f-4415-b1c8-c4fdf2b1b80f,2026-06-12,,2026-06-12 11:18:14.200881+00
6f5f8c94-092e-47b0-b3f6-b8c3c7fe3b76,4dca53bc-1217-4019-8969-deb495aebae2,047c03ea-2a17-4987-97c0-5eae9bef3816,2026-06-12,,2026-06-12 11:19:07.26232+00
8c41c295-5bd1-4417-bc87-34a1019a8002,4dca53bc-1217-4019-8969-deb495aebae2,3f9ba17e-ecc3-4fd1-aad2-185d4f88b509,2026-06-12,,2026-06-12 11:21:46.635962+00
e4876d1b-fa32-4860-b9bb-e433a9051952,4dca53bc-1217-4019-8969-deb495aebae2,25ee85fb-db5c-4dc2-befd-a303b684a4e0,2026-06-12,,2026-06-12 11:21:51.91397+00
b4a76f1d-0e7c-4c29-82cd-18bee5021dd6,4dca53bc-1217-4019-8969-deb495aebae2,4613057a-f34e-4586-9c37-5e020e1b6b0a,2026-06-12,,2026-06-12 12:57:25.394128+00
c4c68297-7915-4922-a72f-b1de9754c056,4dca53bc-1217-4019-8969-deb495aebae2,391a2ea0-0ed8-45bc-9d0f-49c8d6b50795,2026-06-12,,2026-06-12 13:04:37.01155+00
