id,student_id,block_id,week_number,session_id,message,created_at,sender
48b1fe58-135c-47a0-97a4-49d9657353bf,16c808ed-154a-4685-a2e4-844038f7d76c,9e58f27e-cc82-4381-a8f0-8876a9a835e4,1,aa83558b-0cdc-446a-a5af-12ca82c07cf6,"Pelvica, fazer uni.",2026-04-13 14:13:40.711727+00,coach
cb5e782b-36eb-4d0a-ac8a-fbb25281e719,e171833f-e8d0-4b2c-884c-fda495f1019a,8cf0462f-9a2c-458a-a494-4ad5adb0aefe,1,615113e6-a624-4ebd-8d46-c0d56dca2479,fazer treino de peito triceps e ombro (a vontade e rpe 7),2026-04-13 17:08:14.734971+00,coach
ccf1e142-752e-45c8-a195-2208dee0e22b,e171833f-e8d0-4b2c-884c-fda495f1019a,8cf0462f-9a2c-458a-a494-4ad5adb0aefe,1,ef724dd3-1b33-46c6-bfc0-9933faea9f61,fazer treino de perna (posterior e gluteo),2026-04-13 17:08:51.485219+00,coach
809112f0-1cf4-4959-9940-d09d41295f72,e171833f-e8d0-4b2c-884c-fda495f1019a,8cf0462f-9a2c-458a-a494-4ad5adb0aefe,1,ef3115be-35ff-4857-8966-22c7f66b149a,fazer treino de costas e 2 exercicios de quads tudo rpe 7,2026-04-13 17:09:29.366461+00,coach
c7664032-3576-4b43-8cf5-9960d3cd6843,0c932874-b8b7-4542-a522-a5cffd9c66a9,e0093cf3-8bc3-4f57-82b9-b1e5a70be98d,1,98905a54-4c9e-42e0-a8bf-02c90ca0e9f1,"Fazer treino de body essa semana, treino 1 (segunda ou terça) (costas e biceps com abs, fazer tudo rpe 7) a sua escolha",2026-04-13 17:17:28.66548+00,coach
7bb5e381-cdfa-4804-bbb4-b8b335139029,0c932874-b8b7-4542-a522-a5cffd9c66a9,e0093cf3-8bc3-4f57-82b9-b1e5a70be98d,1,a8ff6f1d-d0c9-4d75-bcea-6cade887909f,fazer treino de peito ombro e triceps,2026-04-13 17:19:03.721027+00,coach
e42f5d0f-f119-482f-9cb6-be43dd2f4379,0c932874-b8b7-4542-a522-a5cffd9c66a9,e0093cf3-8bc3-4f57-82b9-b1e5a70be98d,1,a8ff6f1d-d0c9-4d75-bcea-6cade887909f,a sua escolha rpe 7,2026-04-13 17:19:14.034295+00,coach
6a6f0071-6842-4682-a174-14577e6eaf88,0c932874-b8b7-4542-a522-a5cffd9c66a9,e0093cf3-8bc3-4f57-82b9-b1e5a70be98d,1,3d9444e2-5771-48ad-9835-1bf2ffff9edb,Fazer agachamento com a base apnerta n curti senti adutor,2026-04-16 15:44:01.939958+00,student
290296c1-ba8d-446f-8809-5bb15a6b1905,16c808ed-154a-4685-a2e4-844038f7d76c,9e58f27e-cc82-4381-a8f0-8876a9a835e4,1,aa83558b-0cdc-446a-a5af-12ca82c07cf6,"Não fiz o último, senti incomodo no joelho por conta da semana",2026-04-18 13:35:28.456505+00,student
b3775cc2-dcf8-4526-abed-af4fb30d10bf,e171833f-e8d0-4b2c-884c-fda495f1019a,8cf0462f-9a2c-458a-a494-4ad5adb0aefe,2,c1ca3bed-f575-4e27-a3bf-6e05474bc04a,começar na terça feira,2026-04-20 05:57:49.047878+00,coach
52b7687a-38de-45eb-8e47-73758fe8791e,16c808ed-154a-4685-a2e4-844038f7d76c,9e58f27e-cc82-4381-a8f0-8876a9a835e4,2,9daed48c-4b62-4aa8-a641-72299c587a7c,fazer a puxada unilateralmente,2026-04-20 06:11:58.656888+00,coach
c364d344-dae1-4d00-97ae-0b595bec9236,16c808ed-154a-4685-a2e4-844038f7d76c,9e58f27e-cc82-4381-a8f0-8876a9a835e4,2,6cc84e55-e746-43d0-9807-ee056b1ff4bd,Descansa,2026-04-20 06:13:25.515675+00,coach
73631690-c45f-4d4d-98a4-23f257bc88bc,16c808ed-154a-4685-a2e4-844038f7d76c,9e58f27e-cc82-4381-a8f0-8876a9a835e4,2,820e6e03-39de-4656-a044-7a6b0af01dae,fazer a remada aberta,2026-04-20 06:17:44.866791+00,coach
9b8f1605-a0d1-4f5a-a82a-2faf219a22bf,0a0bb310-eff2-4351-a82a-fd2fe286d234,03fca170-b09e-469c-9a3d-a3e59bf9365f,1,1bba7c3c-8fda-489e-99da-2b8a032e4565,fazer a puxada unilateralmente,2026-04-20 12:48:17.380347+00,coach
70530ba1-ca6e-4d41-b5ec-d9db3547b614,0a0bb310-eff2-4351-a82a-fd2fe286d234,03fca170-b09e-469c-9a3d-a3e59bf9365f,1,d89d18f3-643a-4487-a302-110216568d05,Elevação lateral lata cheia,2026-04-20 12:55:11.824547+00,coach
894b05d8-9f80-43db-b41f-756fae74f660,73057fac-df99-47e3-9a98-73655103e9bb,1df5ce89-251c-4140-a6a6-d4c746c67cd4,1,4f6e9191-030c-4d0c-b530-141169ed02d3,segunda,2026-04-20 20:38:29.988284+00,coach
80914c2d-3fe0-4e43-bd14-68197bbb443c,73057fac-df99-47e3-9a98-73655103e9bb,1df5ce89-251c-4140-a6a6-d4c746c67cd4,1,15a4788e-7292-4c25-a088-8408773fdf55,"fazer a remada aberta, triceps uni, e o manguito em todos os angulos",2026-04-20 20:41:39.553306+00,coach
c4502f07-d6ec-469e-926b-fc56a6538f26,73057fac-df99-47e3-9a98-73655103e9bb,1df5ce89-251c-4140-a6a6-d4c746c67cd4,1,15a4788e-7292-4c25-a088-8408773fdf55,quarta,2026-04-20 20:43:52.980566+00,coach
78d15736-bc87-44df-ba89-f28205d4527d,73057fac-df99-47e3-9a98-73655103e9bb,1df5ce89-251c-4140-a6a6-d4c746c67cd4,1,c0a04b00-b27c-4ae2-805b-20a81873144e,sexta,2026-04-20 20:43:56.789441+00,coach
e3700ebc-3d73-432e-b72e-c30759b8da9a,0c932874-b8b7-4542-a522-a5cffd9c66a9,e0093cf3-8bc3-4f57-82b9-b1e5a70be98d,2,c84366dd-de99-4cb9-bf3b-2f8df1ca22de,Fazer o terra depois do agachamento,2026-04-21 12:00:24.341165+00,coach
d94c9555-7a3f-46cf-807e-d74c571caf49,16c808ed-154a-4685-a2e4-844038f7d76c,9e58f27e-cc82-4381-a8f0-8876a9a835e4,2,9daed48c-4b62-4aa8-a641-72299c587a7c,"Fiz certinho querido Bruno, não fiz a prancha pq tava fechando a academia",2026-04-21 22:20:12.712801+00,student
21abe380-4369-422e-b1b2-180c26eed228,16c808ed-154a-4685-a2e4-844038f7d76c,9e58f27e-cc82-4381-a8f0-8876a9a835e4,2,60b33e5e-8c5c-474b-b8f4-d0e3db6629b0,"Dor no joelho ainda incomoda, mas tô acertando com gelo e elástico",2026-04-21 22:20:32.609879+00,student
2be2b8d9-c483-418e-9f62-afd4ef9d6ddd,e171833f-e8d0-4b2c-884c-fda495f1019a,8cf0462f-9a2c-458a-a494-4ad5adb0aefe,1,615113e6-a624-4ebd-8d46-c0d56dca2479,Bom,2026-04-22 01:44:06.394279+00,student
2537933a-09a6-4880-9181-77665652c62c,e171833f-e8d0-4b2c-884c-fda495f1019a,8cf0462f-9a2c-458a-a494-4ad5adb0aefe,1,ef724dd3-1b33-46c6-bfc0-9933faea9f61,Otimo,2026-04-22 01:44:11.182781+00,student
9919cc15-ea6d-481d-8f1c-d19bc655a121,e171833f-e8d0-4b2c-884c-fda495f1019a,8cf0462f-9a2c-458a-a494-4ad5adb0aefe,1,ef3115be-35ff-4857-8966-22c7f66b149a,Delicinha,2026-04-22 01:44:16.095617+00,student
373e2109-12a3-4303-9471-9c096b26ae6f,e171833f-e8d0-4b2c-884c-fda495f1019a,8cf0462f-9a2c-458a-a494-4ad5adb0aefe,2,c1ca3bed-f575-4e27-a3bf-6e05474bc04a,Adorei,2026-04-22 01:44:26.141373+00,student
473099a5-efa1-414e-9930-654599203c21,e171833f-e8d0-4b2c-884c-fda495f1019a,8cf0462f-9a2c-458a-a494-4ad5adb0aefe,2,9636cf9e-1a73-467d-af6b-81d319856b6f,Melhor ainda,2026-04-22 01:44:30.661904+00,student
8ba2f544-7dfd-4b78-adab-a0f704541c40,0a0bb310-eff2-4351-a82a-fd2fe286d234,03fca170-b09e-469c-9a3d-a3e59bf9365f,1,a8f0376b-23ae-4b55-afed-fa45579b5905,Oss,2026-04-22 16:17:31.57516+00,student
f953d745-a1bc-4bf2-8a3d-d531eead8621,0a0bb310-eff2-4351-a82a-fd2fe286d234,03fca170-b09e-469c-9a3d-a3e59bf9365f,1,1bba7c3c-8fda-489e-99da-2b8a032e4565,Quero 186 de agacho 108 de supino e 240 de terra no paulista,2026-04-22 18:53:23.164797+00,student
eb0317c5-7e5f-45a4-88b6-b3765bc5d032,e171833f-e8d0-4b2c-884c-fda495f1019a,8cf0462f-9a2c-458a-a494-4ad5adb0aefe,2,2319eadf-6b4c-4f2b-babf-f7b9e7d0e774,Bom,2026-04-22 19:14:09.831247+00,student
faf316d7-8581-4f6e-bb84-a761c9a39a4b,16c808ed-154a-4685-a2e4-844038f7d76c,9e58f27e-cc82-4381-a8f0-8876a9a835e4,2,6cc84e55-e746-43d0-9807-ee056b1ff4bd,Descansei mestre 👍,2026-04-24 00:01:42.269317+00,student
2f6fd8fd-c663-4ef0-a398-f4047e23687a,e171833f-e8d0-4b2c-884c-fda495f1019a,8cf0462f-9a2c-458a-a494-4ad5adb0aefe,2,8cf2e78b-76f0-4cfe-872a-329995573f2d,Delicinha,2026-04-24 18:14:09.916723+00,student
75d177f3-b9d4-4026-9e2d-911f955bb144,16c808ed-154a-4685-a2e4-844038f7d76c,9e58f27e-cc82-4381-a8f0-8876a9a835e4,2,820e6e03-39de-4656-a044-7a6b0af01dae,Prancha com peso e fds,2026-04-25 01:40:49.913492+00,student
48d15490-fbb5-448c-ab7f-8e5cc4343ff5,73057fac-df99-47e3-9a98-73655103e9bb,1df5ce89-251c-4140-a6a6-d4c746c67cd4,3,6a89c2df-6d69-4f70-82a0-f99e7f5246dc,"pode falhar em todas as ultimas dos auxiliares, filma a mesa e crucifixo",2026-04-27 19:30:34.325262+00,coach
c1d6c6df-7f00-4b9a-83dc-ffd7b95fe47c,73057fac-df99-47e3-9a98-73655103e9bb,1df5ce89-251c-4140-a6a6-d4c746c67cd4,3,d7541d95-f52d-41c3-8d98-7efc45aac205,"pode falhar em todas as ultimas dos auxiliares, filma a remada",2026-04-27 19:30:46.114822+00,coach
7efe35dd-b423-4f9e-9b65-7d9090502011,73057fac-df99-47e3-9a98-73655103e9bb,1df5ce89-251c-4140-a6a6-d4c746c67cd4,3,0b8f68ea-883e-437d-8a59-135c8be61b3e,pode falhar em todas as ultimas dos auxiliares.,2026-04-27 19:31:06.686213+00,coach
dd4b1e7a-e1a9-40c4-90e6-e721b591a29d,0a0bb310-eff2-4351-a82a-fd2fe286d234,03fca170-b09e-469c-9a3d-a3e59bf9365f,3,2e2c7308-22bd-4bdc-8a63-f4f9339f4dad,Segunda feira,2026-04-27 20:03:22.852895+00,coach
d6c671f1-11fc-4da8-9880-5d5d0fc28dd9,16c808ed-154a-4685-a2e4-844038f7d76c,9e58f27e-cc82-4381-a8f0-8876a9a835e4,3,f48fefe3-d14b-477b-9674-713a9420c37d,"Dor no joelho o treino todo, trabalhei hj e fiquei em pé muito tempo, msm de chinelo, fiz uma série só de compenhague, flexora doeu, e nórdica eu só encostei no banco e doeu pra krl

Vou vencer oss 🔥",2026-04-28 01:53:11.539347+00,student
2b768b73-e265-455c-b217-aea9417625fd,0a0bb310-eff2-4351-a82a-fd2fe286d234,03fca170-b09e-469c-9a3d-a3e59bf9365f,2,748cad39-9c2c-416e-8c0d-b97a59019812,Fiz uma série a mais de step-up tenho TDAH,2026-04-28 19:56:59.826423+00,student
3ac45257-a0d1-4b40-88b8-ac0bd60ca35d,0a0bb310-eff2-4351-a82a-fd2fe286d234,03fca170-b09e-469c-9a3d-a3e59bf9365f,3,a56a2d9e-f725-45d4-b746-5a5d25bf20f5,Terça feira,2026-04-28 22:37:43.003413+00,coach
e97a24e7-8bbe-44d9-a4e2-a71f84c0f4bf,0a0bb310-eff2-4351-a82a-fd2fe286d234,03fca170-b09e-469c-9a3d-a3e59bf9365f,3,67875608-a321-4f0c-adf0-6fba9dcfa409,Quinta feira,2026-04-28 22:38:11.243959+00,coach
671d0515-93d5-4aa7-a733-b30f13926f6e,0a0bb310-eff2-4351-a82a-fd2fe286d234,03fca170-b09e-469c-9a3d-a3e59bf9365f,3,6e5602d5-f7e2-40f0-9dae-28d05310196e,sexta feira,2026-04-28 22:40:43.481251+00,coach
7347f97b-92c4-4568-88fc-21dfd1355619,0a0bb310-eff2-4351-a82a-fd2fe286d234,03fca170-b09e-469c-9a3d-a3e59bf9365f,2,79164020-b431-411b-8781-98160748cb45,Colocar flexão e extensão de punho,2026-04-29 03:22:08.060359+00,student
5c5d5768-d798-45c7-bbb1-a0268816c1a2,16c808ed-154a-4685-a2e4-844038f7d76c,9e58f27e-cc82-4381-a8f0-8876a9a835e4,3,ba4e5704-f5b2-49a8-b143-f316b16a714d,"Tríceps francês doeu meu cutuvelo 😔
Tô avisando q vc pediu pra anotar",2026-04-29 17:57:23.214909+00,student
0e40eaef-17d7-41bc-a865-6963c40f7520,e171833f-e8d0-4b2c-884c-fda495f1019a,8cf0462f-9a2c-458a-a494-4ad5adb0aefe,3,b0ad27e9-55d9-4f88-bc3d-a5a627f5ee18,Delicinha,2026-04-30 10:35:32.894846+00,student
4a9cbf90-cd03-4523-b467-3dffaedd1f48,e171833f-e8d0-4b2c-884c-fda495f1019a,8cf0462f-9a2c-458a-a494-4ad5adb0aefe,3,a2b80768-3285-4ca9-be63-d7fd31b07d79,Adorei,2026-04-30 10:35:55.404353+00,student
79b68477-4e55-48dc-b2fa-31de8bb4f73c,0a0bb310-eff2-4351-a82a-fd2fe286d234,03fca170-b09e-469c-9a3d-a3e59bf9365f,2,3856bc0e-7aec-4bb0-a1d0-b783c4cb39ac,Opa,2026-04-30 23:48:12.258715+00,student
99ba531a-5bf8-40de-8987-3285e1266d22,0a0bb310-eff2-4351-a82a-fd2fe286d234,03fca170-b09e-469c-9a3d-a3e59bf9365f,2,eb2f7300-91ce-4c98-8748-4ef010ba3386,Legal,2026-04-30 23:48:18.700519+00,student
ff22b035-670f-4f87-9f4b-ced421be5a01,0a0bb310-eff2-4351-a82a-fd2fe286d234,03fca170-b09e-469c-9a3d-a3e59bf9365f,2,c2795943-5cdf-4d05-8f85-de53eddf245f,"So fiz uma serie de prancha com 20kg pq simplesmente eu tive uma caimbra no abdômen fudida DO NADA isso nunca tinha acontecido, ate tentei fazer outra mas n dei pq voltou, ai desisti",2026-05-01 01:16:44.812284+00,student
00975ab6-a33e-4bf5-ac80-def58eec9134,16c808ed-154a-4685-a2e4-844038f7d76c,9e58f27e-cc82-4381-a8f0-8876a9a835e4,3,aa6d5b19-0993-405b-9a7e-df7c14abe1b4,Terra saiu bonitinho ein,2026-05-01 07:34:53.465721+00,student
d4cc1c77-cd49-430c-9226-6e8fd4e55ba2,16c808ed-154a-4685-a2e4-844038f7d76c,9e58f27e-cc82-4381-a8f0-8876a9a835e4,3,759743f8-e017-457f-8313-e3ec77e5e704,"Fiz 2 repetições a mais no desenvolvimento pq tava muito leve, só pra fechar @8 
Tô acertando a carga nesse exercício ainda, mas tá muito leve",2026-05-01 16:44:35.733571+00,student
22e2cf04-2cce-419f-bde7-aa9cea0b7408,16c808ed-154a-4685-a2e4-844038f7d76c,9e58f27e-cc82-4381-a8f0-8876a9a835e4,3,4c0a1823-9ba8-415f-8f4c-260a3b9ee1f9,Meu cutuvelo não doeu essa semana no francês,2026-05-02 15:18:56.508982+00,student
106518f6-e5b0-4c8d-a7e2-33cca0bfa4ea,0a0bb310-eff2-4351-a82a-fd2fe286d234,03fca170-b09e-469c-9a3d-a3e59bf9365f,2,1f7b1f0e-ee34-4a16-9f2c-98931eb3c1d8,"Fiz pec deck, manguito e isometria pro biceps tmb",2026-05-02 23:32:01.543406+00,student
27bcc2bd-53e2-45fb-a3f5-7b273f4d1326,0a0bb310-eff2-4351-a82a-fd2fe286d234,03fca170-b09e-469c-9a3d-a3e59bf9365f,2,1f7b1f0e-ee34-4a16-9f2c-98931eb3c1d8,Coloca uma tbar ou remada curava pf 🙏,2026-05-02 23:48:51.721326+00,student
985695f6-4daa-4f62-8cd0-7dbaf94e1bf3,0d2ee23a-a3eb-4bb7-9cb5-c6334673c27c,ae145941-8a2a-484d-9763-0d947cc5e517,1,2db98d28-1008-4642-9c9c-b6886c07774f,Segunda-feira,2026-05-03 13:00:52.677032+00,coach
23eb3a99-9ec7-4487-8612-3bc8cb1f5147,0d2ee23a-a3eb-4bb7-9cb5-c6334673c27c,ae145941-8a2a-484d-9763-0d947cc5e517,1,d54ac8f9-3147-43bc-9872-400a4da76180,Terça-feira,2026-05-03 13:01:04.965017+00,coach
6b6ca292-3b79-4478-8f1f-b056c3230db5,0d2ee23a-a3eb-4bb7-9cb5-c6334673c27c,ae145941-8a2a-484d-9763-0d947cc5e517,1,4a53cc6f-247e-49ae-ba5d-08b4c735ebe0,Quarta-feira,2026-05-03 13:01:13.70949+00,coach
a4cc79d3-6e23-4c4c-bdc2-777f93948f5a,0d2ee23a-a3eb-4bb7-9cb5-c6334673c27c,ae145941-8a2a-484d-9763-0d947cc5e517,1,f9dc2f61-5e31-44d7-a7a6-562f6e64bc3e,Sexta-feira,2026-05-03 13:03:36.379085+00,coach
5018a6b9-2101-4e22-af42-fcbf164c3297,0d2ee23a-a3eb-4bb7-9cb5-c6334673c27c,ae145941-8a2a-484d-9763-0d947cc5e517,1,3980bce8-e881-48a6-9fc6-c15ce3f5d5fe,Sábado,2026-05-03 13:04:18.97803+00,coach
e0d6b16e-66c0-4ac8-90aa-abcbee8aaf16,0d2ee23a-a3eb-4bb7-9cb5-c6334673c27c,ae145941-8a2a-484d-9763-0d947cc5e517,4,952f68b2-a697-4762-a148-203cbe2c5583,Até a falha na última série dos auxiliares,2026-05-03 13:12:32.334511+00,coach
bd2ed132-7315-48ac-a0d8-18602ba210e2,0d2ee23a-a3eb-4bb7-9cb5-c6334673c27c,ae145941-8a2a-484d-9763-0d947cc5e517,4,e1601538-8b6c-40b4-b1aa-231ab6283d9d,Até a falha na última série dos auxiliares,2026-05-03 13:13:13.406093+00,coach
73113e70-a867-4a44-bf11-c8a098a213a3,0d2ee23a-a3eb-4bb7-9cb5-c6334673c27c,ae145941-8a2a-484d-9763-0d947cc5e517,4,b1e874a5-0689-4d54-9f3d-d4571ea5e322,Até a falha na última série dos auxiliares,2026-05-03 13:13:51.117521+00,coach
94365f6d-a4a4-478e-8624-91aa400bee99,0d2ee23a-a3eb-4bb7-9cb5-c6334673c27c,ae145941-8a2a-484d-9763-0d947cc5e517,4,c9fd58fa-3a36-46aa-a469-e13c6567a04d,Até a falha na última série dos auxiliares,2026-05-03 13:14:32.535326+00,coach
7d889675-3b57-474b-b2c6-49716426fd01,75061457-1a89-462a-b288-a63ce1bf59e9,42693e9d-6544-4eec-a3e1-8248965a2a8f,1,43428074-7ec1-410e-ab42-746ccc909f96,SUPINO COMPETITIVO - CADÊNCIA 2-2-0,2026-05-03 13:54:23.749819+00,coach
76820310-39e2-49d6-96f3-460622055a8e,75061457-1a89-462a-b288-a63ce1bf59e9,42693e9d-6544-4eec-a3e1-8248965a2a8f,1,6fd6cffe-9b7a-4e2d-9457-7c0bb90b43c2,"Caminha rápida: 30 minutos; nível: leve-moderada (respiração acelerada, mas conversável)",2026-05-03 13:55:51.643293+00,coach
37d4cfe9-1ac8-4f9c-8256-84d77adae731,75061457-1a89-462a-b288-a63ce1bf59e9,42693e9d-6544-4eec-a3e1-8248965a2a8f,1,6b3688ca-0976-4f4a-b06c-0f1ce4a35463,Fazer extensão + flexão de punho juntos e intercalados,2026-05-03 14:03:36.683811+00,coach
5259e338-c8c0-4f6d-8709-ddec540875cf,75061457-1a89-462a-b288-a63ce1bf59e9,42693e9d-6544-4eec-a3e1-8248965a2a8f,3,d9ae557d-74c0-40c9-87fc-33eebb6825d2,Fazer @9 na última série dos auxiliares,2026-05-03 14:07:12.398886+00,coach
1ae61401-108a-4739-81c0-635bf8a5bd23,75061457-1a89-462a-b288-a63ce1bf59e9,42693e9d-6544-4eec-a3e1-8248965a2a8f,3,442c39e1-552e-45ec-9db1-c79fc6f02b67,Fazer @9 na última série dos auxiliares,2026-05-03 14:07:16.427965+00,coach
fa5df506-3761-408e-bea3-f06a86281f98,75061457-1a89-462a-b288-a63ce1bf59e9,42693e9d-6544-4eec-a3e1-8248965a2a8f,3,075cbddc-f8fb-4d84-a28a-df0362e9cb39,Fazer @9 na última série dos auxiliares,2026-05-03 14:08:04.135173+00,coach
0655d452-f433-41fe-99b9-2d2c83ed1125,75061457-1a89-462a-b288-a63ce1bf59e9,42693e9d-6544-4eec-a3e1-8248965a2a8f,4,5a74399d-23d1-4c77-8993-3bd86c73a610,Fazer até a falha na última série dos auxiliares,2026-05-03 14:08:34.394748+00,coach
7b4a91be-531e-47d5-ad59-7e3b3cb4c3ef,75061457-1a89-462a-b288-a63ce1bf59e9,42693e9d-6544-4eec-a3e1-8248965a2a8f,4,262c35b3-324d-41c7-9476-37ed481cc5a1,Fazer até a falha na última série dos auxiliares,2026-05-03 14:09:16.980347+00,coach
8cbd18fd-4e3a-4a76-88a0-38e65a7cc031,75061457-1a89-462a-b288-a63ce1bf59e9,42693e9d-6544-4eec-a3e1-8248965a2a8f,4,6226a383-b7fe-4e1e-88a2-d46da3195f59,Fazer até a falha na última série dos auxiliares,2026-05-03 14:09:25.30531+00,coach
de2245e8-1e90-4d18-b369-eee883df3850,0c932874-b8b7-4542-a522-a5cffd9c66a9,e0093cf3-8bc3-4f57-82b9-b1e5a70be98d,4,32b109b7-1ea8-4961-8ca9-509e7568f541,falha na ultima dos auxiliares,2026-05-04 09:54:39.896636+00,coach
e9330b09-897a-4283-975f-c76431542d61,0c932874-b8b7-4542-a522-a5cffd9c66a9,e0093cf3-8bc3-4f57-82b9-b1e5a70be98d,4,bef42034-9a54-4f00-a86b-3e6ce5a6567a,falha na ultima dos auxiliares,2026-05-04 09:54:42.972598+00,coach
c983fa5d-ece6-44af-b6fa-2c9e3175a947,0c932874-b8b7-4542-a522-a5cffd9c66a9,e0093cf3-8bc3-4f57-82b9-b1e5a70be98d,4,c36b37b2-d372-4704-acaa-3b2a605366cf,falha na ultima dos auxiliares,2026-05-04 09:54:47.44338+00,coach
ac05fe90-b98f-407b-ba35-b8e8e1a75855,0c932874-b8b7-4542-a522-a5cffd9c66a9,e0093cf3-8bc3-4f57-82b9-b1e5a70be98d,4,b2f3597b-95bf-4c9c-b9b1-a42da47dc5de,falha na ultima dos auxiliares,2026-05-04 09:54:49.78539+00,coach
f744be70-b3fe-417d-b3c1-9ffde479820a,e171833f-e8d0-4b2c-884c-fda495f1019a,8cf0462f-9a2c-458a-a494-4ad5adb0aefe,3,b0ad27e9-55d9-4f88-bc3d-a5a627f5ee18,começar na semana 5!,2026-05-04 11:10:20.060793+00,coach
284121cb-7825-4de9-8d22-da4fc907100e,73057fac-df99-47e3-9a98-73655103e9bb,1df5ce89-251c-4140-a6a6-d4c746c67cd4,2,10a54771-8b49-42aa-898e-f640ba038d2b,Não fiz abdução de glúteo,2026-05-04 11:42:03.581918+00,student
8823f1f9-29db-4df5-a85d-e56662879ebd,0a0bb310-eff2-4351-a82a-fd2fe286d234,03fca170-b09e-469c-9a3d-a3e59bf9365f,3,2e2c7308-22bd-4bdc-8a63-f4f9339f4dad,"sem milindre no agachamento, faz os bgl com vontade!",2026-05-04 20:24:14.129363+00,coach
5d119799-6dd9-4126-bcb2-67bc206779b1,16c808ed-154a-4685-a2e4-844038f7d76c,9e58f27e-cc82-4381-a8f0-8876a9a835e4,4,c48be95a-be74-4435-a7e9-52d9cdd03168,Supino horroroso diga se de passagem,2026-05-05 11:35:25.697463+00,student
bc37601a-493d-46db-9861-b198c5d9dd92,06f04d52-e719-40d3-8ca6-6d483af9f097,f8f607df-704b-487a-b125-919952a2a508,3,2f6b7abb-05b2-4044-8f2f-c6e281bdea46,pode fazer elevação frontal 2x 7 a 9 @9 neste dia após supino. (falhar em todas as ultimas series de auxiliar),2026-05-05 18:45:48.388816+00,coach
d2777e63-0354-45b5-86af-17188bd633f5,06f04d52-e719-40d3-8ca6-6d483af9f097,f8f607df-704b-487a-b125-919952a2a508,3,a22a55e3-f754-4787-be82-64e892126af1,(falhar em todas as ultimas series de auxiliar),2026-05-05 18:45:49.809511+00,coach
f9a76c76-4e90-4afa-a1b9-d90538c31528,06f04d52-e719-40d3-8ca6-6d483af9f097,f8f607df-704b-487a-b125-919952a2a508,3,88a02848-24d8-4e4b-8424-f68bff671cc1,(falhar em todas as ultimas series de auxiliar),2026-05-05 18:45:52.613192+00,coach
63223e0d-7dfc-4061-8009-472e9b12763e,e171833f-e8d0-4b2c-884c-fda495f1019a,8cf0462f-9a2c-458a-a494-4ad5adb0aefe,3,fd7f12f5-2114-455b-bcb1-933f72d03642,Tava dodoi,2026-05-06 01:42:47.833398+00,student
e33eb83f-04fb-437e-9fc7-f9b290e3f3e2,06f04d52-e719-40d3-8ca6-6d483af9f097,f8f607df-704b-487a-b125-919952a2a508,3,a22a55e3-f754-4787-be82-64e892126af1,Como que mensura rpe de prancha?,2026-05-06 12:42:30.74856+00,student
fe826f7a-bada-496e-942a-1f656f30932f,e171833f-e8d0-4b2c-884c-fda495f1019a,8cf0462f-9a2c-458a-a494-4ad5adb0aefe,5,b886d7c0-c1fa-4016-b76a-58a0b4f31897,Rendey,2026-05-06 17:36:38.051715+00,student
04df896c-64ce-4f1e-b5dc-26960cd643b1,e171833f-e8d0-4b2c-884c-fda495f1019a,8cf0462f-9a2c-458a-a494-4ad5adb0aefe,5,b886d7c0-c1fa-4016-b76a-58a0b4f31897,"Tira esse crucifixo inverso, coloca qualquer outra coisa mas ó exercicio ruim de fazer aqui",2026-05-06 18:46:59.361323+00,student
93ef569a-f4c1-4ee0-9f6c-4bfd920ba52d,0d2ee23a-a3eb-4bb7-9cb5-c6334673c27c,ae145941-8a2a-484d-9763-0d947cc5e517,1,4a53cc6f-247e-49ae-ba5d-08b4c735ebe0,Pq tirou as Dips? Poderia incluir novamente?,2026-05-06 20:44:49.052459+00,student
b522f785-c960-4675-b66d-f9bf6886f877,16c808ed-154a-4685-a2e4-844038f7d76c,9e58f27e-cc82-4381-a8f0-8876a9a835e4,4,295d0fac-3ada-487f-aca5-0f79666f59fa,"Odeio prancha, mas gostei desse supino",2026-05-07 03:47:41.926136+00,student
af131e38-fe71-42a5-b666-e17915d25ea0,0a0bb310-eff2-4351-a82a-fd2fe286d234,03fca170-b09e-469c-9a3d-a3e59bf9365f,3,2e2c7308-22bd-4bdc-8a63-f4f9339f4dad,Foi bom mas dei over,2026-05-07 21:18:32.326451+00,student
0ec37ebc-967e-40e2-b955-2939f6af6108,0a0bb310-eff2-4351-a82a-fd2fe286d234,03fca170-b09e-469c-9a3d-a3e59bf9365f,3,a56a2d9e-f725-45d4-b746-5a5d25bf20f5,Oss,2026-05-07 21:18:36.551784+00,student
4612d4cd-b7f7-46cb-b204-3dd4eb611d30,16c808ed-154a-4685-a2e4-844038f7d76c,9e58f27e-cc82-4381-a8f0-8876a9a835e4,4,c4da64e7-c82e-447d-bbee-ce427d7db63f,"Dei um Over fudido KKKKKkk 
Foi 240x2 @10",2026-05-08 02:18:17.285915+00,student
c14bea1a-e550-47df-9f10-c5b3fc0ff00a,e171833f-e8d0-4b2c-884c-fda495f1019a,8cf0462f-9a2c-458a-a494-4ad5adb0aefe,5,02374666-920c-4b20-83d2-b43eafcdd7fe,Frio,2026-05-08 20:42:22.2602+00,student
9348942f-d8af-4537-8d57-173ceb571160,16c808ed-154a-4685-a2e4-844038f7d76c,9e58f27e-cc82-4381-a8f0-8876a9a835e4,4,ee56fc7c-bb6b-4a33-b7ed-17f2350af16c,"Péssimo supino, tentei 110, mas só fiz uma pq pesou demais",2026-05-09 02:16:56.785831+00,student
ede7d143-5293-4c81-9872-18026fd4528a,0a0bb310-eff2-4351-a82a-fd2fe286d234,03fca170-b09e-469c-9a3d-a3e59bf9365f,3,6e5602d5-f7e2-40f0-9dae-28d05310196e,"Agacho c altura duvidosa, mas foi @8",2026-05-09 02:23:04.863898+00,student
cd7f2869-d31c-43b4-91f0-ac1697013780,e171833f-e8d0-4b2c-884c-fda495f1019a,8cf0462f-9a2c-458a-a494-4ad5adb0aefe,5,50d242ff-0fa9-46e6-a212-e0cac5da1f3f,Fazer terra é igual escutar música clássica,2026-05-09 17:04:43.023474+00,student
287e9a1c-4192-4c2a-a55e-d506f524e6a1,e171833f-e8d0-4b2c-884c-fda495f1019a,8cf0462f-9a2c-458a-a494-4ad5adb0aefe,5,9978a1a2-f46a-498e-aeab-25bae2397363,N fiz,2026-05-10 12:12:20.421389+00,student
588e3a47-8e6a-4273-9918-1a1f97bfc34d,0a0bb310-eff2-4351-a82a-fd2fe286d234,03fca170-b09e-469c-9a3d-a3e59bf9365f,3,20b80c0f-e5bd-438d-a56b-bc181ee041d0,Do nada a renata touma spawnou na minha academia,2026-05-11 00:39:51.416688+00,student
ae3be5c1-d777-420f-bc83-7b9611f92e6f,73057fac-df99-47e3-9a98-73655103e9bb,1df5ce89-251c-4140-a6a6-d4c746c67cd4,3,0b8f68ea-883e-437d-8a59-135c8be61b3e,Colocar biceps algum dia da semana,2026-05-11 02:45:32.030776+00,student
620695ba-4154-45d8-8215-16b537b0c949,73057fac-df99-47e3-9a98-73655103e9bb,1df5ce89-251c-4140-a6a6-d4c746c67cd4,3,0b8f68ea-883e-437d-8a59-135c8be61b3e,Colocar biceps algum dia da semana,2026-05-11 02:45:32.380948+00,student
29a64c8b-f2c2-45e4-85bc-8f1c0ea09e4d,73057fac-df99-47e3-9a98-73655103e9bb,1df5ce89-251c-4140-a6a6-d4c746c67cd4,3,d7541d95-f52d-41c3-8d98-7efc45aac205,Fiz biset de triceps corda com biceps rosca direta na barra reta,2026-05-11 02:46:05.881306+00,student
03cb5759-9180-4d14-a68c-acd11d606451,e171833f-e8d0-4b2c-884c-fda495f1019a,8cf0462f-9a2c-458a-a494-4ad5adb0aefe,6,55b5afff-b217-4405-9cc4-9e0fe828f7da,Cadê meu treino,2026-05-11 11:36:45.66739+00,student
14910596-c8fb-4a5e-85ee-7921a0f5d4d4,73057fac-df99-47e3-9a98-73655103e9bb,1df5ce89-251c-4140-a6a6-d4c746c67cd4,4,d542ba3a-1e52-4086-ada5-98c3c9fc5332,fazer o low 320,2026-05-11 16:54:14.339879+00,coach
41459aab-6c1c-4329-935d-3ee9dea23100,73057fac-df99-47e3-9a98-73655103e9bb,1df5ce89-251c-4140-a6a6-d4c746c67cd4,4,d6e5f63c-2504-490f-a00b-f1b10a830dec,falha na ultima dos auxiliares,2026-05-11 16:54:24.049629+00,coach
30f5352e-2b17-43e5-a4f3-a363392b0a50,73057fac-df99-47e3-9a98-73655103e9bb,1df5ce89-251c-4140-a6a6-d4c746c67cd4,4,e920bb18-52ed-4220-a7b6-624da78cae04,falha na ultima dos auxiliares,2026-05-11 16:54:25.793249+00,coach
5ca3f7fe-4c33-4c5d-b75d-a4c23c2f5c71,06f04d52-e719-40d3-8ca6-6d483af9f097,f8f607df-704b-487a-b125-919952a2a508,4,c7daff44-bd1d-4426-97a2-8b8250b7d923,falha na ultima de todos os auxiliares,2026-05-11 17:29:20.995431+00,coach
731223ab-beeb-47d8-8670-01006b8dde83,06f04d52-e719-40d3-8ca6-6d483af9f097,f8f607df-704b-487a-b125-919952a2a508,4,9c180f0c-bbd5-43a2-bfa1-385117fc79bd,falha na ultima de todos os auxiliares,2026-05-11 17:29:22.933923+00,coach
57360ec6-21be-47c5-82c4-65f3290a35cf,06f04d52-e719-40d3-8ca6-6d483af9f097,f8f607df-704b-487a-b125-919952a2a508,4,477c132d-a190-405d-a0f8-735c6e34713e,falha na ultima de todos os auxiliares,2026-05-11 17:29:25.481852+00,coach
d64c16bc-e16f-406b-bb26-b08b3dd48479,06f04d52-e719-40d3-8ca6-6d483af9f097,f8f607df-704b-487a-b125-919952a2a508,4,c6df1ae4-24f5-4d15-874d-9e87a775912c,falha na ultima de todos os auxiliares,2026-05-11 17:29:27.407586+00,coach
905f38b1-3168-4356-99f2-bdcd2ec8eb00,e171833f-e8d0-4b2c-884c-fda495f1019a,8cf0462f-9a2c-458a-a494-4ad5adb0aefe,6,2a87b5af-2d3e-4489-bd70-d10b3050a45d,Baterei PR,2026-05-11 17:58:51.228705+00,student
cda92148-b774-4b31-8654-5a0e111e169c,0a0bb310-eff2-4351-a82a-fd2fe286d234,03fca170-b09e-469c-9a3d-a3e59bf9365f,4,ecbad635-ade3-4783-8f9d-60f510a832d6,falha na ultima serie dos auxiliares,2026-05-11 18:08:11.134211+00,coach
aeb30ca3-79d0-46de-ac49-303a02336efd,0a0bb310-eff2-4351-a82a-fd2fe286d234,03fca170-b09e-469c-9a3d-a3e59bf9365f,4,c72dc206-51ec-4abb-ac63-86afc2de25cb,falha na ultima serie dos auxiliares,2026-05-11 18:08:13.289006+00,coach
1d6984dd-f70f-462a-9d3c-a655e1f2e3b7,0a0bb310-eff2-4351-a82a-fd2fe286d234,03fca170-b09e-469c-9a3d-a3e59bf9365f,4,a0035cc4-40a0-4125-82f3-60545e689917,falha na ultima serie dos auxiliares,2026-05-11 18:08:16.041704+00,coach
efc3c264-62c6-48ba-8dff-d5b355c1b3e7,0a0bb310-eff2-4351-a82a-fd2fe286d234,03fca170-b09e-469c-9a3d-a3e59bf9365f,4,bd0922f4-ec8b-4467-be63-6e516447ac4b,falha na ultima serie dos auxiliares,2026-05-11 18:08:19.550919+00,coach
219f96c3-1ca4-4e7c-a852-710e6fb6b91b,0a0bb310-eff2-4351-a82a-fd2fe286d234,03fca170-b09e-469c-9a3d-a3e59bf9365f,4,75d0d4ab-7b77-4680-896e-3183497e788c,falha na ultima serie dos auxiliares,2026-05-11 18:08:22.160933+00,coach
c27a5bce-85b0-4f59-94ee-fd8e986f6dc2,0a0bb310-eff2-4351-a82a-fd2fe286d234,03fca170-b09e-469c-9a3d-a3e59bf9365f,4,a0035cc4-40a0-4125-82f3-60545e689917,fazer flexão com extensão junto,2026-05-11 18:09:56.536282+00,coach
1f108e73-a4d0-4cac-a54c-411cccf65a15,16c808ed-154a-4685-a2e4-844038f7d76c,54d16b3e-1438-4f71-b9ff-e3fdbbec3c23,1,ed38357f-6e32-4de5-9cd5-3be0e0d00814,"joelho no banco, na copenhagem",2026-05-11 19:01:23.790017+00,coach
d9771a9f-81e8-40f2-a0b9-41984a6b0550,73057fac-df99-47e3-9a98-73655103e9bb,1df5ce89-251c-4140-a6a6-d4c746c67cd4,4,0840d439-0725-477e-81c5-80e49a1fdae3,"Não se esqueça de colocar:
Um exercício de biceps (mesmo que continue fazendo biset com triceps)
SBD semanal 
Agacho c/ pausa",2026-05-11 22:04:23.426292+00,student
a2fa9bf2-087a-4057-ac77-d3eb4bff7294,16c808ed-154a-4685-a2e4-844038f7d76c,54d16b3e-1438-4f71-b9ff-e3fdbbec3c23,1,ed38357f-6e32-4de5-9cd5-3be0e0d00814,Os pesos eu coloquei próximo do meu peso corporal,2026-05-12 02:26:01.011473+00,student
ff597a71-7584-4769-8c8e-f99e32fa0018,0a0bb310-eff2-4351-a82a-fd2fe286d234,03fca170-b09e-469c-9a3d-a3e59bf9365f,4,ecbad635-ade3-4783-8f9d-60f510a832d6,Treino oss,2026-05-12 03:46:02.907039+00,student
adaad754-e2bd-419a-8c8c-3b4590f417f3,75061457-1a89-462a-b288-a63ce1bf59e9,42693e9d-6544-4eec-a3e1-8248965a2a8f,1,43428074-7ec1-410e-ab42-746ccc909f96,no nem vi a anotação kkkk sok. foi mal.,2026-05-14 23:31:56.472659+00,student
affa3b0f-1701-4c22-a3a6-11ae52735346,16c808ed-154a-4685-a2e4-844038f7d76c,54d16b3e-1438-4f71-b9ff-e3fdbbec3c23,1,ec142824-2567-4b65-bebb-96aaae80e56e,Abdução fiz 14 reps pq esqueci de subir o peso,2026-05-15 02:41:25.628069+00,student
9d8a8400-2867-494a-805e-f4fdc856dc9c,e171833f-e8d0-4b2c-884c-fda495f1019a,8cf0462f-9a2c-458a-a494-4ad5adb0aefe,6,c129b1f4-ad6a-435b-8d73-ef5181e27e26,Buildando,2026-05-15 21:11:16.337335+00,student
4a114e75-71ac-40db-b660-7064464c0dfd,16c808ed-154a-4685-a2e4-844038f7d76c,54d16b3e-1438-4f71-b9ff-e3fdbbec3c23,1,fae11573-f9c7-4422-93b2-1f00916f4be3,"Não li a planilha direito, e fiz x6 com 60, aí foi um under grandão KKKKKKKMM",2026-05-16 01:55:25.526282+00,student
0ad0a354-0587-4ff0-bf28-94599d6a7241,e171833f-e8d0-4b2c-884c-fda495f1019a,8cf0462f-9a2c-458a-a494-4ad5adb0aefe,6,41bbe035-230b-47ca-8cd2-9431f6ff3ab8,Bom,2026-05-16 10:06:13.062647+00,student
d3ad6865-5b60-47a7-82c7-1ec59120909f,e171833f-e8d0-4b2c-884c-fda495f1019a,8cf0462f-9a2c-458a-a494-4ad5adb0aefe,6,51d179b0-5a59-427c-9e32-ab367c71a136,Sim,2026-05-17 13:20:34.551691+00,student
d2258fde-86c8-47e2-8a34-381962db20c0,dc0151e3-eb4d-4ae1-a914-91cfa2e734cc,d1c0a920-848e-49c5-86c8-d8d596977b44,1,5c50f116-510e-40af-ac6c-213c38324ad8,Flexão escapular com a barra fixa,2026-05-18 13:41:56.127865+00,coach
3ab07345-0162-4af0-8038-65c71c0a3ef9,dc0151e3-eb4d-4ae1-a914-91cfa2e734cc,d1c0a920-848e-49c5-86c8-d8d596977b44,1,febc08d7-dd22-4008-9733-3bb55e1d83bd,tempo 330 supino,2026-05-18 13:43:15.93021+00,coach
ac1fd920-4ed2-4ca8-9e8e-b360bf60fba9,dc0151e3-eb4d-4ae1-a914-91cfa2e734cc,d1c0a920-848e-49c5-86c8-d8d596977b44,1,febc08d7-dd22-4008-9733-3bb55e1d83bd,"trocar leg por belt, ainda não adicionei no app",2026-05-18 13:43:51.407415+00,coach
a6494f16-516b-439e-9d2e-23421eb4a33b,dc0151e3-eb4d-4ae1-a914-91cfa2e734cc,d1c0a920-848e-49c5-86c8-d8d596977b44,1,5c50f116-510e-40af-ac6c-213c38324ad8,fazer canoinha no lugar da infra,2026-05-18 13:44:25.694797+00,coach
062a9200-fb12-417e-bf77-c4ccbc66e881,dc0151e3-eb4d-4ae1-a914-91cfa2e734cc,d1c0a920-848e-49c5-86c8-d8d596977b44,1,d57453ac-04c0-46d3-a97c-f5a725222c53,pode fazer landmine,2026-05-18 13:46:41.283492+00,coach
7b56a70d-c57a-4600-abc6-218312667d80,5708401f-8de5-4afc-bd85-47873cae849c,c4dd712b-0269-48e8-bdaa-dc8fe463860f,1,c6681663-0656-4099-9a0b-d2a62fa667e5,anotar tempo de cada série,2026-05-18 15:08:23.326906+00,coach
dc8256fd-af85-4c50-870f-e5a2e372e028,5708401f-8de5-4afc-bd85-47873cae849c,c4dd712b-0269-48e8-bdaa-dc8fe463860f,1,49e4d7f9-039b-4de4-a9e2-ad590887f40a,SUPINO TEMPO 4-3-0,2026-05-18 15:11:40.429389+00,coach
63743ba6-f97f-4965-be77-f3fff9aa6001,5708401f-8de5-4afc-bd85-47873cae849c,c4dd712b-0269-48e8-bdaa-dc8fe463860f,1,49e4d7f9-039b-4de4-a9e2-ad590887f40a,TRICEPS FRANCÊS UNI NA POLIA,2026-05-18 15:16:19.107388+00,coach
4034170d-5088-4549-9269-beda55579890,5708401f-8de5-4afc-bd85-47873cae849c,c4dd712b-0269-48e8-bdaa-dc8fe463860f,3,c827b093-6419-4d7a-a2fd-51951ca90c68,@9 NA ÚLTIMA SÉRIE DOS AUXILIARES,2026-05-18 15:21:10.473527+00,coach
2c90bf20-42fb-4253-80db-0d3c455b063b,5708401f-8de5-4afc-bd85-47873cae849c,c4dd712b-0269-48e8-bdaa-dc8fe463860f,3,146e9c61-d92b-426b-b8ec-1a3aed82760d,@9 NA ÚLTIMA SÉRIE DOS AUXILIARES,2026-05-18 15:21:13.734156+00,coach
4cc6f854-8fdd-4f73-97ba-eb3d566ac5e4,5708401f-8de5-4afc-bd85-47873cae849c,c4dd712b-0269-48e8-bdaa-dc8fe463860f,3,f1b38c22-8de3-470a-84f2-31cbf453ae05,@9 NA ÚLTIMA SÉRIE DOS AUXILIARES (EXCETO BULGARO),2026-05-18 15:22:06.388348+00,coach
c87f9a62-61f9-41d6-a665-315778fc41c4,5708401f-8de5-4afc-bd85-47873cae849c,c4dd712b-0269-48e8-bdaa-dc8fe463860f,3,930f54f4-fe25-45a2-a75f-df7b10a499b9,@9 NA ÚLTIMA SÉRIE DOS AUXILIARES,2026-05-18 15:22:16.065347+00,coach
8f1e277c-07e9-4c71-8ccc-9c895ec95dcc,16c808ed-154a-4685-a2e4-844038f7d76c,54d16b3e-1438-4f71-b9ff-e3fdbbec3c23,2,837fe66d-8258-4817-bc69-0026bc16035d,"Me dá paralela e barra fixa 
Se me der bíceps eu fico feliz",2026-05-18 16:58:57.470907+00,student
697c9c97-e083-4a95-8632-84d8a02a6c7b,e171833f-e8d0-4b2c-884c-fda495f1019a,8cf0462f-9a2c-458a-a494-4ad5adb0aefe,7,ac1fc72f-b5a6-4dfb-8b1f-9e5d6a9620d4,Baterei PR,2026-05-18 18:24:08.804854+00,student
766e4908-3a6d-42ea-bde0-40ea2f3a7f71,59097629-e1c6-43e2-9d95-477e859bc9b8,3309a8b3-9637-405a-9f9d-a4a36eee7867,1,128fe49f-15d1-4ab1-97ae-824484951492,Leg uni,2026-05-18 18:58:37.565789+00,coach
dc6fc309-bcae-4efe-98a1-e6b3232e9191,59097629-e1c6-43e2-9d95-477e859bc9b8,3309a8b3-9637-405a-9f9d-a4a36eee7867,1,e1dee532-2089-41cf-bedc-662eb76bb7c6,"single: 80kg
Triple:75",2026-05-18 19:02:27.919611+00,coach
bf6a6156-51e5-406a-895b-18f444b2140b,59097629-e1c6-43e2-9d95-477e859bc9b8,3309a8b3-9637-405a-9f9d-a4a36eee7867,1,494919c5-1b1b-4a73-a496-8511e8124892,"complex repetições:320,340,430,020.",2026-05-18 19:03:44.86392+00,coach
7e10d92a-b67c-4601-a1bb-c405184a2aa0,e171833f-e8d0-4b2c-884c-fda495f1019a,8cf0462f-9a2c-458a-a494-4ad5adb0aefe,7,ac1fc72f-b5a6-4dfb-8b1f-9e5d6a9620d4,"Favor trocar a sequência do treino, supina na segunda não tá rendendo",2026-05-18 19:09:06.518012+00,student
fbd6d91c-f7bb-4f91-98e1-98099c46416f,705a0b92-5cb4-44eb-8b42-0785be601413,7b2a592b-b46b-4e01-a39b-2a7485c99662,1,ac51cd89-373f-42c0-9c04-45de067a95e0,Colocar agacho com pausa e os saltos verticais,2026-05-18 19:23:50.347154+00,student
850336c8-494b-4f8e-8db1-bb3e31f1aa91,dc0151e3-eb4d-4ae1-a914-91cfa2e734cc,d1c0a920-848e-49c5-86c8-d8d596977b44,1,0ce0a20d-a86e-4719-9150-dfcfc9a05cea,é os guri do overshoot,2026-05-18 21:39:45.256002+00,student
10691365-2c66-4820-9169-edc389501245,705a0b92-5cb4-44eb-8b42-0785be601413,7b2a592b-b46b-4e01-a39b-2a7485c99662,1,676df810-6f20-4658-908b-005b19deabca,Quem diria q deixar eu supinar descansado eu empuraria todos os pesos,2026-05-18 21:40:32.93332+00,student
1dfb1bf0-81fa-446b-b926-83b3587e23e3,5708401f-8de5-4afc-bd85-47873cae849c,c4dd712b-0269-48e8-bdaa-dc8fe463860f,1,bb036682-adf3-40b3-8934-ae05df136bc2,nn sei o peso da extensora,2026-05-19 01:40:13.899082+00,student
df10cf72-6326-4a6c-b69e-163eef4ccc3d,16c808ed-154a-4685-a2e4-844038f7d76c,54d16b3e-1438-4f71-b9ff-e3fdbbec3c23,2,837fe66d-8258-4817-bc69-0026bc16035d,"Senti uma queimação no joelho fazendo compnheaguem na segunda perna quando troquei, ent só fiz uma série 
Ent só fiz a primeira série",2026-05-19 02:53:35.751286+00,student
e703eb14-fe86-4a75-9401-28d5b225266a,dc0151e3-eb4d-4ae1-a914-91cfa2e734cc,d1c0a920-848e-49c5-86c8-d8d596977b44,1,22172792-a586-469b-b4b6-debf138012fb,tira esse Copenhagen bournout vou ficar sem joelho daq a pouco,2026-05-19 19:48:38.666841+00,student
a8590e8c-80dd-40f7-bcec-59ac6d72462c,59097629-e1c6-43e2-9d95-477e859bc9b8,3309a8b3-9637-405a-9f9d-a4a36eee7867,1,494919c5-1b1b-4a73-a496-8511e8124892,"cargas terra
x5 com 150 a 160
x4 160 a 170
x3 176",2026-05-19 20:21:45.225573+00,coach
203a21d7-5aa7-4dae-af2a-2c056a30530e,467777cc-e79c-4ed4-ac53-b9f98978c205,eced6552-ec9e-46ac-b018-b27893a35304,1,5a681fa4-14c2-47b5-8ecc-49d0a9e38ff9,"Não fiz flexão nórdica, fiz flexora. Vi errado na próxima vou lançar",2026-05-19 22:26:52.903695+00,student
e1bf10de-6ea7-4f6f-92f1-b9bb0e1097dd,5708401f-8de5-4afc-bd85-47873cae849c,c4dd712b-0269-48e8-bdaa-dc8fe463860f,1,b74febaa-d3e1-4d99-a5fe-348594ba84af,elevação Y fiz na polia 2x8reps,2026-05-19 23:15:47.111427+00,student
26e0eaa8-46db-4458-98b3-bc9115560865,5708401f-8de5-4afc-bd85-47873cae849c,c4dd712b-0269-48e8-bdaa-dc8fe463860f,1,b74febaa-d3e1-4d99-a5fe-348594ba84af,remada nn sei o peso,2026-05-19 23:30:23.368408+00,student
09739971-57f8-4eaa-8ed3-ee02e8a653e7,0a0bb310-eff2-4351-a82a-fd2fe286d234,03fca170-b09e-469c-9a3d-a3e59bf9365f,5,91db98a9-c289-468f-8317-d74cf1f1b7e8,Cardio 20 min na esteira velocidade baixa,2026-05-19 23:38:12.404415+00,coach
af21a8b1-df95-40ba-8277-e81d2ba81a70,0a0bb310-eff2-4351-a82a-fd2fe286d234,03fca170-b09e-469c-9a3d-a3e59bf9365f,5,1c0bf5a6-a4df-4c14-88de-a161c368e035,"hit na esteira, 10 minutos 2 correndo, 2 andando até o final",2026-05-19 23:38:34.835588+00,coach
b572684a-1ad0-405b-ad09-297a34a2bde1,dc0151e3-eb4d-4ae1-a914-91cfa2e734cc,d1c0a920-848e-49c5-86c8-d8d596977b44,1,22172792-a586-469b-b4b6-debf138012fb,bota o tempo do agacho depois Burno,2026-05-20 08:10:57.485905+00,student
bdf4c6da-f024-4539-a9fb-aee30bb4d0e6,e171833f-e8d0-4b2c-884c-fda495f1019a,8cf0462f-9a2c-458a-a494-4ad5adb0aefe,7,73dc6f19-1da4-4677-a66e-2de275d5b98b,Bati PR,2026-05-20 23:25:54.924943+00,student
c8e3ac42-d609-49f5-bd71-14a7fb3964bf,0c932874-b8b7-4542-a522-a5cffd9c66a9,e0093cf3-8bc3-4f57-82b9-b1e5a70be98d,6,3650ec3b-2c4f-4841-ad51-26f0e4327842,"Tirar desenvolvimento romano devido a dor no ""dedao"", adaptação do martelo pra corda funcionou muito bem( nao fez sentido, mas deu certo) e adaptação da puxa alta para um pegada neutra .",2026-05-21 14:41:42.157851+00,student
056ef186-3aad-4ec4-8442-bee0e9ad1e1b,705a0b92-5cb4-44eb-8b42-0785be601413,7b2a592b-b46b-4e01-a39b-2a7485c99662,1,ac51cd89-373f-42c0-9c04-45de067a95e0,Step up tbm,2026-05-21 20:06:26.275611+00,student
9668f5e5-5d99-4ce2-a2d4-ed6a7a725205,705a0b92-5cb4-44eb-8b42-0785be601413,7b2a592b-b46b-4e01-a39b-2a7485c99662,1,a5e27395-b6a0-4f7d-81f1-3063c703ac3a,Colocar elevação pélvica em algum treino,2026-05-21 20:06:57.350117+00,student
ae84924a-1a28-49a6-a81e-4c7ed169b691,dc0151e3-eb4d-4ae1-a914-91cfa2e734cc,d1c0a920-848e-49c5-86c8-d8d596977b44,1,febc08d7-dd22-4008-9733-3bb55e1d83bd,muda depois o que da estatística de 1rm pro low bar,2026-05-21 20:50:00.44245+00,student
2e798776-08b4-423d-881e-a7b50b4925e0,5708401f-8de5-4afc-bd85-47873cae849c,c4dd712b-0269-48e8-bdaa-dc8fe463860f,1,42d6d160-a141-4584-a814-3f2f50632cf1,barra fixa fiz 8-8-7 reps,2026-05-22 01:39:08.919992+00,student
3adeb72f-d09d-4f27-91a7-c8c0268ac1c4,16c808ed-154a-4685-a2e4-844038f7d76c,54d16b3e-1438-4f71-b9ff-e3fdbbec3c23,2,a602bef6-f0fa-4290-b0e0-309c5565aac9,"Dor do frio anda me incomodando, mas vai passar",2026-05-22 02:41:35.944601+00,student
8e62d8ed-699c-4411-ba3f-7a9360e33235,16c808ed-154a-4685-a2e4-844038f7d76c,54d16b3e-1438-4f71-b9ff-e3fdbbec3c23,2,0b33382c-b72f-4162-85a6-56b02e34d33f,"Dei under por precaução, mas meu terra tá muito bom pra S2, acho que peguei o esquema do terra, tirando a dor do agacho q tbm senti aqui, tá indo bem",2026-05-22 02:45:06.179649+00,student
507d0a9b-97a1-4468-b1a8-0aa855843cce,5708401f-8de5-4afc-bd85-47873cae849c,c4dd712b-0269-48e8-bdaa-dc8fe463860f,1,42d6d160-a141-4584-a814-3f2f50632cf1,elevação pélvica fiz 10 reps,2026-05-22 16:14:33.881924+00,student
4d7f0818-7e63-44c9-a34e-c90ddc411329,0c932874-b8b7-4542-a522-a5cffd9c66a9,e0093cf3-8bc3-4f57-82b9-b1e5a70be98d,6,da2d77a2-6617-4796-afed-c2a22ac28cf7,Step um estou sentindo muita instabilidade na perna esquerda dificultando no aumento de carga,2026-05-22 16:17:19.531345+00,student
fed1c17a-7c98-4d9c-ae12-4e382fa91144,0c932874-b8b7-4542-a522-a5cffd9c66a9,e0093cf3-8bc3-4f57-82b9-b1e5a70be98d,6,41081ae5-08d8-43d7-9532-242466341f6b,Agachar com a perna mais junta fez eu me sentir mais confortável e jogar menos o peso pro calcanhar e o supino nao me adptei a técnica do vídeo,2026-05-22 16:18:02.916457+00,student
537e98c1-1201-4f18-85ec-be9ea2c3d2e3,16c808ed-154a-4685-a2e4-844038f7d76c,54d16b3e-1438-4f71-b9ff-e3fdbbec3c23,2,18a96589-cb6a-4e31-ba0c-730c209e275a,"Tudo tranquilo, e obrigado pelo singlet coach bruno ❤️",2026-05-23 02:49:07.024809+00,student
df58b20c-30b2-4e65-9c31-7b5e84180410,5708401f-8de5-4afc-bd85-47873cae849c,c4dd712b-0269-48e8-bdaa-dc8fe463860f,1,49e4d7f9-039b-4de4-a9e2-ad590887f40a,paralela fiz 5 reps sem contra peso,2026-05-23 17:46:09.830864+00,student
c45a5a4d-c748-401d-8718-2b00c211d6e5,5708401f-8de5-4afc-bd85-47873cae849c,c4dd712b-0269-48e8-bdaa-dc8fe463860f,1,49e4d7f9-039b-4de4-a9e2-ad590887f40a,frances fiz uni pq vi errado,2026-05-23 17:51:46.447296+00,student
c6a48388-e163-4266-a1da-4db0060cafc2,dc0151e3-eb4d-4ae1-a914-91cfa2e734cc,d1c0a920-848e-49c5-86c8-d8d596977b44,1,d57453ac-04c0-46d3-a97c-f5a725222c53,acabei n gravando pq minha namorada tem vergonha e foi a reintrodução dela numa academia,2026-05-24 01:44:25.563496+00,student
67d1cd7a-9e8e-40af-b447-b90694e17078,4dca53bc-1217-4019-8969-deb495aebae2,8205b7bf-cbb7-48fd-8157-2ffa201315ed,1,b7f2a577-504e-4dee-adad-55c887705d83,ANOTAR TEMPO DE CADA SÉRIE + CARGA CASO HOUVER,2026-05-24 13:41:49.947458+00,coach
bf8e7e76-6e40-4695-beba-ff9b52b8c599,4dca53bc-1217-4019-8969-deb495aebae2,8205b7bf-cbb7-48fd-8157-2ffa201315ed,1,36ad8b4a-e3ed-49c2-b152-4bdf6bd87f88,SIGA ESSA ORDEM DOS EXERCÍCIOS,2026-05-24 13:46:32.647771+00,coach
83032ec7-9e03-4087-8102-db3b5c50b3a7,4dca53bc-1217-4019-8969-deb495aebae2,8205b7bf-cbb7-48fd-8157-2ffa201315ed,1,c9398ba7-adec-4048-8814-d5916485c0be,MESA FLEXORA UNI LATERAL,2026-05-24 13:48:41.074352+00,coach
e6f65a77-a1b7-4e63-865b-a899b459520f,4dca53bc-1217-4019-8969-deb495aebae2,8205b7bf-cbb7-48fd-8157-2ffa201315ed,1,c9398ba7-adec-4048-8814-d5916485c0be,"ROSCA DIRETA:  FAZER 1X6 @10 E DESCANSAR 40 SEG, DEPOIS MANTER CARGA E FAZER BLOCOS DE 2 REPS C/ 15-20 SEG DE INTERVALO, ATÉ COMPLETAR 6 BLOCOS OU REPS CAIREM.",2026-05-24 13:50:45.813112+00,coach
ca09b0e6-7aa1-403c-9664-2c297b6513e1,4dca53bc-1217-4019-8969-deb495aebae2,8205b7bf-cbb7-48fd-8157-2ffa201315ed,3,6a79687a-cec7-49c4-b2bc-6e87101f877c,@9 NA ÚLTIMA SÉRIES DOS AUXILIARES,2026-05-24 13:58:09.865452+00,coach
312e476f-9196-4a31-b52d-46e659401415,4dca53bc-1217-4019-8969-deb495aebae2,8205b7bf-cbb7-48fd-8157-2ffa201315ed,3,c71144c1-a9ee-425c-b10c-440442157b1a,"@9 NA ÚLTIMA SÉRIES DE PARALELA, ELEV Y e FACEPULL",2026-05-24 13:59:00.54604+00,coach
d85e2fa4-b159-4cd0-bb13-7d249dc2b6bd,4dca53bc-1217-4019-8969-deb495aebae2,8205b7bf-cbb7-48fd-8157-2ffa201315ed,3,df3b4c60-c7d1-4edb-a690-0071a7199110,@9 NA ÚLTIMA SÉRIES DOS AUXILIARES,2026-05-24 13:59:38.54397+00,coach
374da1ad-8afd-477e-919e-baca39b4633a,4dca53bc-1217-4019-8969-deb495aebae2,8205b7bf-cbb7-48fd-8157-2ffa201315ed,4,2f2152d4-0285-4b1a-963e-ea7feb1ff2f2,FALHA NA ÚLTIMA SÉRIE DOS AUXILIARES,2026-05-24 14:00:52.280327+00,coach
854052fc-7112-491e-8a69-0aac9f45040a,4dca53bc-1217-4019-8969-deb495aebae2,8205b7bf-cbb7-48fd-8157-2ffa201315ed,4,af171258-678d-4d4b-9568-d44e74718c9a,FALHA NA ÚLTIMA SÉRIE DOS AUXILIARES,2026-05-24 14:02:02.136176+00,coach
3144001c-b032-4886-9d0c-89cdc2ee156c,6238dd06-e129-4964-9bea-c462e5f36c15,12712ce8-ef29-43b3-abd9-81f80585ce8e,1,836a1ded-a09b-43e3-89c0-bab56a1d3eca,"Extensora e Elev. Pélvica uni laterais

Agachamento 4-0-0",2026-05-24 16:39:10.492412+00,coach
4328b73c-5bd0-42a5-9ab5-25c4f0af7a86,6238dd06-e129-4964-9bea-c462e5f36c15,12712ce8-ef29-43b3-abd9-81f80585ce8e,1,c723b0a9-3931-4dd8-85bf-f0ff35fbe517,Supino tempo 4-3-0,2026-05-24 16:39:48.706717+00,coach
93dd0fc9-dc6e-4ba8-bd00-c21c6709aca0,e171833f-e8d0-4b2c-884c-fda495f1019a,8cf0462f-9a2c-458a-a494-4ad5adb0aefe,8,cd63552e-633f-4d81-83a3-ee4eba4e43eb,"falha na ultima serie, dos auxiliares",2026-05-25 01:54:25.3491+00,coach
52cebe92-fbf9-477a-9b46-0b8f4f01fce2,e171833f-e8d0-4b2c-884c-fda495f1019a,8cf0462f-9a2c-458a-a494-4ad5adb0aefe,8,dc4f1beb-c141-4c80-badd-fc52c2a8eb82,"falha na ultima serie, dos auxiliares",2026-05-25 01:54:28.618022+00,coach
bf1e82a6-a9ad-4191-9b97-903c1ac9503d,e171833f-e8d0-4b2c-884c-fda495f1019a,8cf0462f-9a2c-458a-a494-4ad5adb0aefe,8,8082b896-59c9-4c5f-901d-dbdeaf568dc0,"falha na ultima serie, dos auxiliares",2026-05-25 01:54:30.583596+00,coach
1578368c-b3ff-47be-8f17-4d5e18a36b33,e171833f-e8d0-4b2c-884c-fda495f1019a,8cf0462f-9a2c-458a-a494-4ad5adb0aefe,8,dc51800c-0cbf-4464-88dd-108011856a5e,"falha na ultima serie, dos auxiliares",2026-05-25 01:54:33.912188+00,coach
fd0dc7b6-875c-4767-be09-152ff699c3a2,e171833f-e8d0-4b2c-884c-fda495f1019a,8cf0462f-9a2c-458a-a494-4ad5adb0aefe,8,33296db1-be59-486a-ac88-7abd3682ab9e,"falha na ultima serie, dos auxiliares",2026-05-25 01:54:35.722167+00,coach
a6a91e0a-53fc-43fe-b2d0-6b1638f8410b,e171833f-e8d0-4b2c-884c-fda495f1019a,8cf0462f-9a2c-458a-a494-4ad5adb0aefe,8,33296db1-be59-486a-ac88-7abd3682ab9e,"Proximo bloco troco o supino de lugar, vamos finalizar este primeiro",2026-05-25 01:55:24.408764+00,coach
fe0b758a-9c24-4273-9342-1e6a51900fcf,0c932874-b8b7-4542-a522-a5cffd9c66a9,e0093cf3-8bc3-4f57-82b9-b1e5a70be98d,7,b88505e0-1785-4089-9ab0-5340d80d2d46,falhar na ultima serie dos auxiliares,2026-05-25 01:59:35.932327+00,coach
79decf38-fb3f-4b2e-998c-ca214e2dd3cf,0c932874-b8b7-4542-a522-a5cffd9c66a9,e0093cf3-8bc3-4f57-82b9-b1e5a70be98d,7,412c6f76-58af-4ffa-af99-5fc0952b2785,falhar na ultima serie dos auxiliares,2026-05-25 01:59:38.126072+00,coach
35d7ba67-2488-44fb-a838-37a322fed6e1,0c932874-b8b7-4542-a522-a5cffd9c66a9,e0093cf3-8bc3-4f57-82b9-b1e5a70be98d,7,e16416b7-9539-4c6a-acad-ee56b41c04c4,falhar na ultima serie dos auxiliares,2026-05-25 01:59:42.375566+00,coach
ccf2ae19-c895-43d8-bf1e-7a7af492b685,0c932874-b8b7-4542-a522-a5cffd9c66a9,e0093cf3-8bc3-4f57-82b9-b1e5a70be98d,7,cc73e802-6d38-4c64-a916-75ca0b2fe675,falhar na ultima serie dos auxiliares,2026-05-25 01:59:44.191169+00,coach
28ee858d-eb65-47ba-9e64-289630320035,16c808ed-154a-4685-a2e4-844038f7d76c,54d16b3e-1438-4f71-b9ff-e3fdbbec3c23,3,939b5d5b-46df-41a6-9915-dbf275befcaa,faz a pelvica uni como aquecimento do agacho,2026-05-25 02:32:12.543519+00,coach
8825e489-b51c-461c-affb-ff4868067c3f,16c808ed-154a-4685-a2e4-844038f7d76c,54d16b3e-1438-4f71-b9ff-e3fdbbec3c23,3,d3baeef9-d262-42d3-8ff9-ded27971f0dd,é um supino para você aprender a controlar bem a trajetoria da barra e o lugar certo de pausar,2026-05-25 02:32:46.468309+00,coach
7ccd93dd-4bdc-46b1-898a-3f0cdfb80394,16c808ed-154a-4685-a2e4-844038f7d76c,54d16b3e-1438-4f71-b9ff-e3fdbbec3c23,3,e80ecc94-e49c-4782-be12-8b866dd95715,acho bom você me ligar para ver esses 3 terras,2026-05-25 02:33:05.573382+00,coach
c46d2e3e-9d6b-4332-93a0-56356c422b80,705a0b92-5cb4-44eb-8b42-0785be601413,7b2a592b-b46b-4e01-a39b-2a7485c99662,2,e05f0595-f89d-4837-9021-6b12f2dad304,Fazer após os agachos,2026-05-25 02:39:42.195921+00,coach
de9ae331-90bc-4211-b5af-10099c221e9a,705a0b92-5cb4-44eb-8b42-0785be601413,7b2a592b-b46b-4e01-a39b-2a7485c99662,2,8bd5a8b1-8866-421a-96ab-f60a20301d1b,tempo 330,2026-05-25 02:41:04.381806+00,coach
f757b2b1-6810-4d9f-8714-d1a5837d66a8,dbabdf42-cdd5-4f88-bf30-b26825d9fbb1,9521de72-dc19-4bcc-9b4d-1fe3c0975ffe,1,c88ca442-f1a5-47b9-800f-7f24728fa9ed,sem carga anotada sem treino,2026-05-25 02:56:52.961802+00,coach
98846c09-992e-4a15-b48e-0c5eecedb63f,59097629-e1c6-43e2-9d95-477e859bc9b8,3309a8b3-9637-405a-9f9d-a4a36eee7867,2,057bcfa8-f7da-4174-bdab-1eed8f468dd4,"complex repetições:320,340,430,020.",2026-05-25 03:03:13.522664+00,coach
b55d5ebf-a34e-4838-b0e1-65e85a51b75b,59097629-e1c6-43e2-9d95-477e859bc9b8,3309a8b3-9637-405a-9f9d-a4a36eee7867,2,629a1d6c-e267-4042-b52e-cc2bdf2bffb6,"single 85 bem firme,80x3 triple",2026-05-25 03:04:00.043486+00,coach
124bc72d-422d-4078-b3eb-1211b78d0709,e18cfaf3-5c3f-4adf-bfb3-600d26ab3a4c,a0fa1804-b549-474d-81fd-cbc4e926d9cd,2,8c989f8e-cbc6-4bc6-9ae8-0b93ba530aac,falhar na ultima serie dos auxiliares e mandar o video que falha(não falhar no goblet),2026-05-25 13:43:09.710455+00,coach
c3670dc6-988e-4d33-aab7-c6734fb0026c,e18cfaf3-5c3f-4adf-bfb3-600d26ab3a4c,a0fa1804-b549-474d-81fd-cbc4e926d9cd,2,ff8d5613-5870-4b1e-be0a-f0a2766746bf,falhar na ultima serie dos auxiliares e mandar o video que falha,2026-05-25 13:43:12.666449+00,coach
84c90399-b8b7-4d7b-9b7e-ce6db9e28b82,e18cfaf3-5c3f-4adf-bfb3-600d26ab3a4c,a0fa1804-b549-474d-81fd-cbc4e926d9cd,2,f3d2faea-cd32-4557-9c68-829f0fdd4f84,falhar na ultima serie dos auxiliares e mandar o video que falha (não falhar no bulgaro nem stiff),2026-05-25 13:43:28.662158+00,coach
2ef97d22-3ba1-456c-b264-92a15f2e5404,e18cfaf3-5c3f-4adf-bfb3-600d26ab3a4c,a0fa1804-b549-474d-81fd-cbc4e926d9cd,2,dc5d676f-d03e-436e-9eb0-93c4689569ed,falhar na ultima serie dos auxiliares e mandar o video que falha,2026-05-25 13:43:32.794395+00,coach
64102568-9ec0-4092-9a37-3c8be4f39e7a,e18cfaf3-5c3f-4adf-bfb3-600d26ab3a4c,a0fa1804-b549-474d-81fd-cbc4e926d9cd,3,c3a153b0-8b5a-458a-8d37-f34f74dee6b7,falhar na ultima serie dos auxiliares e mandar o video que falha (não falhar no goblet),2026-05-25 13:45:07.01942+00,coach
5e31ae61-5474-464d-b6b2-c2c7a001d88f,e18cfaf3-5c3f-4adf-bfb3-600d26ab3a4c,a0fa1804-b549-474d-81fd-cbc4e926d9cd,3,9861636f-8b8b-4233-8b4a-8b5c7c396539,falhar na ultima serie dos auxiliares e mandar o video que falha,2026-05-25 13:45:11.541888+00,coach
2ebab2ea-c755-4ba5-b75d-02a89631d36a,e18cfaf3-5c3f-4adf-bfb3-600d26ab3a4c,a0fa1804-b549-474d-81fd-cbc4e926d9cd,3,14d3b636-b442-4edc-8499-a506de88273a,falhar na ultima serie dos auxiliares e mandar o video que falha (não falhar no bulgaro nem stiff),2026-05-25 13:45:23.425847+00,coach
5a047369-ded0-4952-abd6-a7bb3a14e1c6,e18cfaf3-5c3f-4adf-bfb3-600d26ab3a4c,a0fa1804-b549-474d-81fd-cbc4e926d9cd,3,7eac9df3-26e6-4e3c-8597-f4c9595f2fb2,falhar na ultima serie dos auxiliares e mandar o video que falha,2026-05-25 13:45:32.51762+00,coach
734455b8-a300-444c-8b63-f9bfa1669848,dc0151e3-eb4d-4ae1-a914-91cfa2e734cc,d1c0a920-848e-49c5-86c8-d8d596977b44,2,6b13b363-6cbf-466e-be55-35328c33e8df,fazer o box squat tocando a bunda no banco abaixo da paralela,2026-05-25 14:48:52.235816+00,coach
d99cb763-9349-42ba-90b8-a21c10a2691c,dc0151e3-eb4d-4ae1-a914-91cfa2e734cc,d1c0a920-848e-49c5-86c8-d8d596977b44,2,e562b586-da2e-45e0-b6e2-1b723209307f,acabei fazendo supino máquina pq tava com a minha namorada,2026-05-25 15:44:22.682061+00,student
8459db10-19b8-4a99-a2a9-c887aa2ed523,dc0151e3-eb4d-4ae1-a914-91cfa2e734cc,d1c0a920-848e-49c5-86c8-d8d596977b44,2,e562b586-da2e-45e0-b6e2-1b723209307f,dips fiz reps pra economizar tempo,2026-05-25 15:50:14.660414+00,student
4acf9c30-b456-4ca9-95bf-1cc12e536e91,0c932874-b8b7-4542-a522-a5cffd9c66a9,e0093cf3-8bc3-4f57-82b9-b1e5a70be98d,7,b88505e0-1785-4089-9ab0-5340d80d2d46,"Treino foi bao, supino com 115kg n estava esperando ter saído tao leve",2026-05-25 17:14:41.808279+00,student
4a41f5eb-6f8e-482b-9558-60069da580e4,e171833f-e8d0-4b2c-884c-fda495f1019a,8cf0462f-9a2c-458a-a494-4ad5adb0aefe,8,33296db1-be59-486a-ac88-7abd3682ab9e,Meio ruim,2026-05-25 18:58:13.079235+00,student
84938b58-cd00-49ee-80d4-39c14a37d219,e171833f-e8d0-4b2c-884c-fda495f1019a,8cf0462f-9a2c-458a-a494-4ad5adb0aefe,8,dc51800c-0cbf-4464-88dd-108011856a5e,Poem todos os abdominais que quiser prancha lateral normal abdominal na máquina todos os dias eu faço,2026-05-25 20:50:48.722328+00,student
986cc631-fd32-48d4-8e8f-f0bdda49e4a1,4dca53bc-1217-4019-8969-deb495aebae2,8205b7bf-cbb7-48fd-8157-2ffa201315ed,1,d0fc756d-3e41-4f27-86e2-0967e054c76d,Fiz hack ao invés de belt pq vim em uma academia diferente.,2026-05-25 22:15:57.882796+00,student
c9601c24-bdb7-4a13-b64c-7686d11ad464,688418b3-d47b-4cea-9c94-9d1acef6a5e0,13a32d00-1375-4b13-852d-02c944469e29,1,ed8f1810-16c9-44fd-8111-0d432b02890b,complex: 320/420/240/320,2026-05-25 23:04:12.005301+00,coach
b82fc121-a7e9-4e47-9f6e-aa82bee80d9b,5708401f-8de5-4afc-bd85-47873cae849c,c4dd712b-0269-48e8-bdaa-dc8fe463860f,2,998ea74c-e0ef-47b4-b89e-dcadf3461efe,terra fiz 1x3x110kg 5@ e o resto 2x3x116kg 6@,2026-05-26 01:18:34.199691+00,student
20a886dd-5f48-42ae-b4f6-c798372cc580,6238dd06-e129-4964-9bea-c462e5f36c15,12712ce8-ef29-43b3-abd9-81f80585ce8e,1,02cf5d89-8978-4111-95dd-1e175576de88,dor lombar forte ao fazer RDL UNI,2026-05-26 01:41:53.840772+00,student
a32c4bbc-dbdc-4b64-b909-eb1f94b122e6,5708401f-8de5-4afc-bd85-47873cae849c,c4dd712b-0269-48e8-bdaa-dc8fe463860f,2,998ea74c-e0ef-47b4-b89e-dcadf3461efe,nordica foi 3x5-6x0kg 8@,2026-05-26 01:55:11.501375+00,student
4fc56df6-f87c-4444-9148-2cb9ecd514d5,16c808ed-154a-4685-a2e4-844038f7d76c,54d16b3e-1438-4f71-b9ff-e3fdbbec3c23,3,939b5d5b-46df-41a6-9915-dbf275befcaa,"Devolve q mesa Flexora por favor, a cadeira de lá descobri q é um lixo 
E acho q vou precisar de uma variação unilateral, C vai ver pelo video",2026-05-26 03:34:58.276763+00,student
d470a82b-6ce4-4859-adc0-0fd9ea2dda9d,e171833f-e8d0-4b2c-884c-fda495f1019a,8cf0462f-9a2c-458a-a494-4ad5adb0aefe,8,dc4f1beb-c141-4c80-badd-fc52c2a8eb82,Farei esse hoje,2026-05-26 13:08:30.150965+00,student
205e898c-d71d-43ed-b984-a83418255b7a,0c932874-b8b7-4542-a522-a5cffd9c66a9,e0093cf3-8bc3-4f57-82b9-b1e5a70be98d,7,412c6f76-58af-4ffa-af99-5fc0952b2785,Não  fiz manguito verdadeiro devido a posição exigir muito ea estabilização do dedao na posição mais alta,2026-05-26 14:15:55.011436+00,student
52ad7ae9-fdea-4c20-b624-0759ed0c8f4d,0c932874-b8b7-4542-a522-a5cffd9c66a9,e0093cf3-8bc3-4f57-82b9-b1e5a70be98d,7,412c6f76-58af-4ffa-af99-5fc0952b2785,Fiz os outros mas tive que dar algumas pausas n gravei,2026-05-26 14:49:48.443826+00,student
432bf73a-3aef-410e-8e15-1568a4dd8983,05bc7d14-2ccf-4560-b383-c61cb22fb5db,b521c3ee-0929-4018-9bb7-4ef96aaf1ef6,1,c7d01d31-8f1f-4675-b654-ed3fc04cab67,Senti o adutor quando tava aquecendo o agacho,2026-05-26 17:12:04.173863+00,student
322c888a-2239-45e3-94ac-ef2dadd70ec5,4dca53bc-1217-4019-8969-deb495aebae2,8205b7bf-cbb7-48fd-8157-2ffa201315ed,2,130afdcc-5e0f-4672-82f1-f512d1aef29f,"Tríceps testa com halteres, banco inclinado à 30-45°, cotovelos fixos apontados para o teto",2026-05-26 18:37:42.818879+00,coach
500cc407-d1d0-45ac-9cb5-a0a40047c8f3,4dca53bc-1217-4019-8969-deb495aebae2,8205b7bf-cbb7-48fd-8157-2ffa201315ed,4,9b91e531-0718-4391-ba23-edb8ba9e8c21,"FALHA NA ÚLTIMA SÉRIE DE TRICEPS TESTA, ELEV Y e FACEPUL",2026-05-26 18:42:02.257844+00,coach
927824d6-53a5-48f5-95ae-f0539af3014d,dc0151e3-eb4d-4ae1-a914-91cfa2e734cc,d1c0a920-848e-49c5-86c8-d8d596977b44,2,6b13b363-6cbf-466e-be55-35328c33e8df,no terra  de 4 reps na segunda série acabei fazendo só 3 reps pra manter o @,2026-05-26 19:22:52.682008+00,student
be9ad208-9a6a-4c6a-83a6-4dc99edcaf96,16c808ed-154a-4685-a2e4-844038f7d76c,54d16b3e-1438-4f71-b9ff-e3fdbbec3c23,3,d3baeef9-d262-42d3-8ff9-ded27971f0dd,"Se foda vc rifeiro. Senti ombro na primeira série, acho q foi a posição por conta do elástico",2026-05-26 20:51:15.772701+00,student
836b7630-26b6-4d7a-b07f-4e70fdcc0494,0a0bb310-eff2-4351-a82a-fd2fe286d234,03fca170-b09e-469c-9a3d-a3e59bf9365f,6,9bce60bb-6dcb-4007-9805-903f1c0714c3,"Fiz pec deck, ombro tava doendo um pouco",2026-05-27 01:29:23.236066+00,student
8b760d8c-cf55-4b7c-bf14-9b026ad26eb4,5708401f-8de5-4afc-bd85-47873cae849c,c4dd712b-0269-48e8-bdaa-dc8fe463860f,2,956e7594-ba25-4435-8ac4-a0da1aebabb0,elevação Y fiz 3x6-10x9kg 8@,2026-05-27 01:33:31.619779+00,student
ae39effa-c64f-4a1c-94ba-74429ef74fcf,6238dd06-e129-4964-9bea-c462e5f36c15,12712ce8-ef29-43b3-abd9-81f80585ce8e,1,e0aa0036-7bcf-4cb3-bb85-c339815a041c,sinto que a puxada alta uni não rende ao longo das series,2026-05-27 02:07:49.348015+00,student
522bd208-0c87-4d04-a285-7282e9b92550,4dca53bc-1217-4019-8969-deb495aebae2,8205b7bf-cbb7-48fd-8157-2ffa201315ed,1,b7f2a577-504e-4dee-adad-55c887705d83,40s + 20 kg,2026-05-27 12:12:16.279857+00,student
c3ab21f5-5e90-4264-a03f-683888660b04,dc0151e3-eb4d-4ae1-a914-91cfa2e734cc,d1c0a920-848e-49c5-86c8-d8d596977b44,2,76832ec8-9faf-45d2-811f-65b3eba453b2,barra fiz 6 5 5 na ordem das reps,2026-05-27 22:56:37.967304+00,student
ef0fcd95-53da-487b-8a3e-0e2e6e2bef4b,e171833f-e8d0-4b2c-884c-fda495f1019a,8cf0462f-9a2c-458a-a494-4ad5adb0aefe,8,cd63552e-633f-4d81-83a3-ee4eba4e43eb,Farei esse,2026-05-28 10:11:45.729793+00,student
fe2d68e5-57e0-436c-8acc-acd96a32a4e2,4dca53bc-1217-4019-8969-deb495aebae2,8205b7bf-cbb7-48fd-8157-2ffa201315ed,1,ff87d2ff-50a6-4fc1-b765-a42334b6f567,Troca o testa pelo francês por favor 🙏🏽,2026-05-28 12:06:33.36566+00,student
14e0cc7f-381c-4ee2-a97a-d388151d1640,0c932874-b8b7-4542-a522-a5cffd9c66a9,e0093cf3-8bc3-4f57-82b9-b1e5a70be98d,7,cc73e802-6d38-4c64-a916-75ca0b2fe675,Acabei nao executando como o pedido,2026-05-28 19:02:52.580235+00,student
88de17d4-e2ca-4978-98e8-da127863b033,5708401f-8de5-4afc-bd85-47873cae849c,c4dd712b-0269-48e8-bdaa-dc8fe463860f,2,1f6a24e0-04e5-4e38-b2bc-2aaa8a45de6d,barra fixa : 3x7-8x0kg 8@,2026-05-29 01:51:16.371082+00,student
7b98f00e-2e6a-42da-9c49-44ae61a51ede,0c932874-b8b7-4542-a522-a5cffd9c66a9,e0093cf3-8bc3-4f57-82b9-b1e5a70be98d,7,e16416b7-9539-4c6a-acad-ee56b41c04c4,Mestre tive que modificar a prancha n tive gente pra me auxiliar fiz abs ate a falha me pendurando e botando carga,2026-05-29 16:34:08.736051+00,student
f43a75c5-9b86-447b-9a27-d7cdc1df158d,dc0151e3-eb4d-4ae1-a914-91cfa2e734cc,d1c0a920-848e-49c5-86c8-d8d596977b44,2,0df919bc-874f-40c7-8e2f-79e8fb3bfef1,fiz flexora em pé no lugar da deitada pq a almofada da deitada tá toda fudida,2026-05-29 16:41:58.327152+00,student
0ae8246c-524b-4481-80b4-2e944f505c93,dc0151e3-eb4d-4ae1-a914-91cfa2e734cc,d1c0a920-848e-49c5-86c8-d8d596977b44,2,7957f713-c14a-4b2a-95a6-163331517181,"separei o treino em dois por conta da academia que fui treinar, na sexta só acessórios no sábado os ml",2026-05-29 16:42:33.95602+00,student
ced8068b-2bf5-4600-b640-7d46e2a0ef34,05bc7d14-2ccf-4560-b383-c61cb22fb5db,b521c3ee-0929-4018-9bb7-4ef96aaf1ef6,1,33376177-21bf-4534-90b1-13f6a076c849,PASSA MOBILIDADE,2026-05-29 17:19:35.085009+00,student
c1e44d92-6f84-41a7-b5cf-207af6879387,05bc7d14-2ccf-4560-b383-c61cb22fb5db,b521c3ee-0929-4018-9bb7-4ef96aaf1ef6,1,99a2cb17-3ca0-44e6-af05-86f021b0b232,Passa mobilidade que eu quero pontuação,2026-05-29 17:19:45.575526+00,student
6e171df2-182a-4bb6-8baf-e6c02d507f30,59097629-e1c6-43e2-9d95-477e859bc9b8,3309a8b3-9637-405a-9f9d-a4a36eee7867,2,bda9d5dc-43a3-4f00-9a71-5fe6d51c8d59,"Squat
Set1: 130 a 135
Set2: 135 a 140
set3: 147 a 155
B: 80 a 85
D:150 a 155",2026-05-29 19:16:12.535612+00,coach
ed0a40a3-298a-4f43-84a7-d13868d1d8af,16c808ed-154a-4685-a2e4-844038f7d76c,54d16b3e-1438-4f71-b9ff-e3fdbbec3c23,3,e80ecc94-e49c-4782-be12-8b866dd95715,Não liguei pra vc pq vc tava muito doente,2026-05-29 23:39:54.275822+00,student
c6ef200e-ff2b-4079-bee6-21f27907f1ef,6238dd06-e129-4964-9bea-c462e5f36c15,12712ce8-ef29-43b3-abd9-81f80585ce8e,1,836a1ded-a09b-43e3-89c0-bab56a1d3eca,Mesa e cadeira flexora zeradas,2026-05-30 01:26:14.993549+00,student
152e687c-18ae-4a38-8010-f9c89c8353cf,6238dd06-e129-4964-9bea-c462e5f36c15,12712ce8-ef29-43b3-abd9-81f80585ce8e,1,0d82f9b9-ef68-43eb-8076-c834ab455e20,prancha 1:30 sem carga e 1:00/1:10 com 20kgs adicionais,2026-05-30 19:42:47.206292+00,student
39eba882-9b55-45f6-9451-0c896633a076,6238dd06-e129-4964-9bea-c462e5f36c15,12712ce8-ef29-43b3-abd9-81f80585ce8e,1,c723b0a9-3931-4dd8-85bf-f0ff35fbe517,Essa elevação Y era pra ser a Y-T-W? (levando em consideração o treino da planilha),2026-05-30 19:43:38.225365+00,student
de3d498e-5901-4e0c-814b-a830b1f1651d,705a0b92-5cb4-44eb-8b42-0785be601413,7b2a592b-b46b-4e01-a39b-2a7485c99662,2,e65d15b1-11bf-4415-ae02-610eefe03c41,Eu vou supinar todos os pesos,2026-05-30 20:15:24.185743+00,student
17b00937-0e0b-45af-86c5-46aa2c669b75,705a0b92-5cb4-44eb-8b42-0785be601413,7b2a592b-b46b-4e01-a39b-2a7485c99662,2,8bd5a8b1-8866-421a-96ab-f60a20301d1b,"Coloca o step up tbm, tmj",2026-05-30 20:15:38.89535+00,student
91d8d87e-7275-4176-8505-e7303b6ddb4b,705a0b92-5cb4-44eb-8b42-0785be601413,7b2a592b-b46b-4e01-a39b-2a7485c99662,2,e05f0595-f89d-4837-9021-6b12f2dad304,120 no bord na semana 3 ?,2026-05-30 20:15:55.357658+00,student
b2e23f95-0c3b-4f66-ade2-d816f620e884,5708401f-8de5-4afc-bd85-47873cae849c,c4dd712b-0269-48e8-bdaa-dc8fe463860f,2,e2943472-be97-4f33-9115-1c658c4c5f54,não consegui terminar o treino pq a academia fechou😭😭,2026-05-30 21:01:04.026844+00,student
b2dfee59-96d1-4500-8f72-09c304c4e8de,16c808ed-154a-4685-a2e4-844038f7d76c,54d16b3e-1438-4f71-b9ff-e3fdbbec3c23,3,f60f8385-b84a-4e87-9531-b5e8632e4766,"Foi bom, gostei desse supino",2026-06-01 09:09:13.259549+00,student
9657e052-a755-4e01-ad3f-8742d8745b63,0c932874-b8b7-4542-a522-a5cffd9c66a9,e0093cf3-8bc3-4f57-82b9-b1e5a70be98d,8,e79646bf-b0b5-4d57-8615-c5fef7c397ef,Falha na ultima,2026-06-01 12:09:18.52518+00,coach
49700903-dc11-4336-b549-1a681ea4991c,e171833f-e8d0-4b2c-884c-fda495f1019a,33da71a7-9bae-4a62-b7db-d7db63ac7b72,1,840c6ab2-44f8-4c60-8f38-4c3c6c72dd30,Fazer uma serie como aquecimento antes das validas de prancha,2026-06-01 12:23:25.69689+00,coach
38a9154e-41c9-43cb-8970-93dbe8f3c550,16c808ed-154a-4685-a2e4-844038f7d76c,54d16b3e-1438-4f71-b9ff-e3fdbbec3c23,4,48700b4e-f92a-48b3-b764-06bce4562e2b,Se der over vai ficar um bloco inteiro fazendo @7,2026-06-01 12:32:55.584678+00,coach
6e19a116-4ead-4ff2-95bb-6c3c4ffb8133,4dca53bc-1217-4019-8969-deb495aebae2,8205b7bf-cbb7-48fd-8157-2ffa201315ed,2,f72416d5-8cb2-40ad-82b9-3b2f778244ad,Tô fazendo o belt antes do Stiff.,2026-06-01 12:47:42.450689+00,student
46bea353-0aa4-4213-831a-f097ae99bed9,705a0b92-5cb4-44eb-8b42-0785be601413,7b2a592b-b46b-4e01-a39b-2a7485c99662,3,2746ce2a-4536-4201-8121-ed57838f8ccc,"Me lembrar de montar o treino, to em casa segunda (primeiro quero ver essa semana pra montar o proximo)",2026-06-01 13:34:27.598302+00,coach
11be36c5-2fe9-4407-ae59-90f5e67faead,0a0bb310-eff2-4351-a82a-fd2fe286d234,03fca170-b09e-469c-9a3d-a3e59bf9365f,7,2cf7292d-ec63-4e8a-98b0-fa514f0f0a41,tem que finalizar esse treino com 195 ou bem perto,2026-06-01 13:35:59.031638+00,coach
ba1fea08-9b4c-4d1c-874f-407d8e671dc5,0a0bb310-eff2-4351-a82a-fd2fe286d234,03fca170-b09e-469c-9a3d-a3e59bf9365f,7,e402df7a-8501-4909-b0de-d969feefb05e,olha as reps das  roscas,2026-06-01 13:36:36.685764+00,coach
bba5c72b-8068-4297-8989-451fa8ae6f00,0a0bb310-eff2-4351-a82a-fd2fe286d234,03fca170-b09e-469c-9a3d-a3e59bf9365f,7,e2f0fd05-4847-4a17-a7cc-255e2e21a13b,finalizar o agacho com 150 a 155 não precisa mais,2026-06-01 13:37:41.999515+00,coach
18e31188-0564-4566-869b-e298cd0b25e2,467777cc-e79c-4ed4-ac53-b9f98978c205,eced6552-ec9e-46ac-b018-b27893a35304,3,06662b00-0c8c-45a9-a84c-571a530b2504,falha na ultima serie dos auxiliares,2026-06-01 13:43:43.489802+00,coach
fdc4036d-33b0-4869-9f76-d060f0a7f744,467777cc-e79c-4ed4-ac53-b9f98978c205,eced6552-ec9e-46ac-b018-b27893a35304,3,e1489fdf-5521-428c-89dc-b3ea6691e083,falha na ultima serie dos auxiliares,2026-06-01 13:43:45.892616+00,coach
85c5e830-8d89-4724-8046-a892980c0edd,467777cc-e79c-4ed4-ac53-b9f98978c205,eced6552-ec9e-46ac-b018-b27893a35304,3,e087d3d7-5c77-459d-8850-5e66e48a027f,falha na ultima serie dos auxiliares,2026-06-01 13:43:48.160944+00,coach
63b4b6e5-84fd-4d78-9d84-1f7a99516c27,467777cc-e79c-4ed4-ac53-b9f98978c205,eced6552-ec9e-46ac-b018-b27893a35304,3,e09199e2-7044-4040-b2e1-ff135de6ab92,falha na ultima serie dos auxiliares,2026-06-01 13:43:49.754131+00,coach
e2f6b167-625a-4f0e-9d70-158419610a4e,e97dd2a5-7a5d-439b-8706-fecdae17d303,117a59c9-fbba-4b94-b2ef-a20de73df758,2,10303536-9680-4c58-9af5-12ed233877a5,RPE 10 NA ULTIMA SERIE DOS AUXILIARES,2026-06-01 15:51:32.970291+00,coach
ac108f4f-68c1-431d-937e-c202ff9d8263,e97dd2a5-7a5d-439b-8706-fecdae17d303,117a59c9-fbba-4b94-b2ef-a20de73df758,2,7b6d9b9a-5b7d-429b-bb17-47874342baa2,RPE 10 NA ULTIMA SERIE DOS AUXILIARES,2026-06-01 15:51:35.415387+00,coach
d7cde5f4-b7ff-41a0-873a-fa356dae6f8e,e97dd2a5-7a5d-439b-8706-fecdae17d303,117a59c9-fbba-4b94-b2ef-a20de73df758,2,382d878f-0384-4dc4-830c-136a9a61167f,RPE 10 NA ULTIMA SERIE DOS AUXILIARES,2026-06-01 15:51:39.088889+00,coach
67388553-d48b-4fe8-9fa4-47d5e8004f37,e97dd2a5-7a5d-439b-8706-fecdae17d303,117a59c9-fbba-4b94-b2ef-a20de73df758,2,a8d75953-d448-47c2-ad81-f466ea11d273,RPE 10 NA ULTIMA SERIE DOS AUXILIARES,2026-06-01 15:51:40.356151+00,coach
1adfa6c1-6774-4954-9c18-fee697a35a6c,e18cfaf3-5c3f-4adf-bfb3-600d26ab3a4c,a0fa1804-b549-474d-81fd-cbc4e926d9cd,4,ec397b49-6de4-4ac9-a435-5a4fdcb6f0db,falha na ultima serie dos auxiliares (só filmar a serie até a falha!),2026-06-01 19:53:51.148727+00,coach
18df5557-ef8f-478e-82d4-f562bdd9a30c,e18cfaf3-5c3f-4adf-bfb3-600d26ab3a4c,a0fa1804-b549-474d-81fd-cbc4e926d9cd,4,72308e4b-c11b-4d7f-afe7-e6163e982f8d,falha na ultima serie dos auxiliares (só filmar a serie até a falha!),2026-06-01 19:53:53.072504+00,coach
21136a6f-47db-4154-859c-936417b81da7,e18cfaf3-5c3f-4adf-bfb3-600d26ab3a4c,a0fa1804-b549-474d-81fd-cbc4e926d9cd,4,7c9f16fb-7f19-4330-8e82-c9a293be427c,falha na ultima serie dos auxiliares (só filmar a serie até a falha!),2026-06-01 19:53:58.69492+00,coach
bd281dcb-d5e6-4588-9585-9901589eefa1,e18cfaf3-5c3f-4adf-bfb3-600d26ab3a4c,a0fa1804-b549-474d-81fd-cbc4e926d9cd,4,56b885d6-75b2-417e-927a-5846abe3c9de,falha na ultima serie dos auxiliares (só filmar a serie até a falha!),2026-06-01 19:54:00.835553+00,coach
7b72ec18-c13b-4948-88a4-7a6f486a1965,59097629-e1c6-43e2-9d95-477e859bc9b8,3309a8b3-9637-405a-9f9d-a4a36eee7867,3,0a8405b4-e86c-4c64-9079-6e404989f18d,"supino: x1:90
x3: 82 a 87",2026-06-01 20:46:58.088298+00,coach
9deb9909-4c5d-40e2-872b-e6a8630a5143,b7570361-db11-407f-9660-4d6c9bc2d321,76cab118-b736-47d4-bc03-0ac8090813ee,1,e8142336-2516-4e3a-ae81-7d420f8f5f82,A prancha fiz só com o peso corporal,2026-06-01 23:45:21.593801+00,student
5dce3996-67ce-49e0-a567-57c7ea7b24fe,b7570361-db11-407f-9660-4d6c9bc2d321,76cab118-b736-47d4-bc03-0ac8090813ee,1,e8142336-2516-4e3a-ae81-7d420f8f5f82,"O supino eu coloquei um peso que eu faria (mas vou fazer amanhã pq hj fiz o terra pausa, pq não tinha o tapete)",2026-06-01 23:46:35.810493+00,student
839141dc-4590-4aa6-9031-c197c01696ed,5708401f-8de5-4afc-bd85-47873cae849c,c4dd712b-0269-48e8-bdaa-dc8fe463860f,3,c827b093-6419-4d7a-a2fd-51951ca90c68,flexão nordica: 5 reps,2026-06-02 02:08:23.201192+00,student
b9af36e8-a75a-42b7-868a-8a8eefc9a8a9,5708401f-8de5-4afc-bd85-47873cae849c,c4dd712b-0269-48e8-bdaa-dc8fe463860f,3,c827b093-6419-4d7a-a2fd-51951ca90c68,"leg, flexão nordica e extensora foram 9@ na ultima serie",2026-06-02 02:21:04.499107+00,student
4dc76974-224d-4c4b-ab3b-1f9700c31bd4,47f87f76-995f-40df-810e-0140ae78b28e,f30ca1a8-e164-4cd5-ac2d-55604eeb6402,1,0d891259-9d37-41aa-8ad9-52de7a90a658,Box estava em manutenção e não tem step na academia.,2026-06-02 14:01:50.960901+00,student
8dae78bc-c2ee-47b2-bd5e-a3a06629a253,59097629-e1c6-43e2-9d95-477e859bc9b8,3309a8b3-9637-405a-9f9d-a4a36eee7867,3,38fea450-eb60-4f9b-b717-65b93bb454c1,"complex repetições:320,340,430,020. (120kg)

terra: 160/175/185 a 195. (prefiro 195!)",2026-06-02 18:14:50.969835+00,coach
685058da-259e-4a97-838b-d3f376f8a76b,59097629-e1c6-43e2-9d95-477e859bc9b8,3309a8b3-9637-405a-9f9d-a4a36eee7867,3,38fea450-eb60-4f9b-b717-65b93bb454c1,190 em dia mediano 195 em dia bom,2026-06-02 18:16:40.586502+00,coach
67afb375-456d-47dc-b427-361293a08034,b7570361-db11-407f-9660-4d6c9bc2d321,76cab118-b736-47d4-bc03-0ac8090813ee,1,63d3f3c3-9047-4be4-8b50-a480460c7193,Posterior de ombro eu fiz na polia (quebrei o pegador do pack deck),2026-06-02 21:26:33.439651+00,student
d4a77474-aecc-4298-bacc-10d47281fe0f,16c808ed-154a-4685-a2e4-844038f7d76c,54d16b3e-1438-4f71-b9ff-e3fdbbec3c23,4,48700b4e-f92a-48b3-b764-06bce4562e2b,"Over? Não faço isso não Krl, e tira essa cadeira, ruim pra kct aqui",2026-06-03 02:56:23.982947+00,student
c0b5b88d-aa01-4841-9a98-690932607bb2,4dca53bc-1217-4019-8969-deb495aebae2,8205b7bf-cbb7-48fd-8157-2ffa201315ed,2,eaaf86f3-9755-40fe-a305-74272ff331ce,26 kg em 48 segundos,2026-06-03 12:08:37.972919+00,student
1b4cc9a5-7bfd-42b5-94d7-16ca80c262b2,59097629-e1c6-43e2-9d95-477e859bc9b8,3309a8b3-9637-405a-9f9d-a4a36eee7867,3,baf6c762-de2b-483b-90ea-2b78aa738768,Adiciona cadeira extensora,2026-06-03 17:23:47.390443+00,student
a62b0ca1-d65d-4d82-bf0c-25e72da9123a,e171833f-e8d0-4b2c-884c-fda495f1019a,33da71a7-9bae-4a62-b7db-d7db63ac7b72,1,674a24a5-80d6-4555-aaa2-107923aa6d23,Fazjdo,2026-06-03 20:23:42.820421+00,student
4c48f414-5188-43b2-88c4-7cbf5aab002a,e171833f-e8d0-4b2c-884c-fda495f1019a,33da71a7-9bae-4a62-b7db-d7db63ac7b72,1,674a24a5-80d6-4555-aaa2-107923aa6d23,Tríceps francês tá incomodando o cotovelo não fiz,2026-06-03 20:41:28.790493+00,student
f16ae794-b72a-410d-80c5-c3fe2bb1dfd4,0a0bb310-eff2-4351-a82a-fd2fe286d234,03fca170-b09e-469c-9a3d-a3e59bf9365f,7,d1901835-d32c-470e-8e07-f961e01bb11f,Fiz triceps na polia,2026-06-04 01:05:19.619658+00,student
9667cb00-e5cb-4666-ba34-035836851405,0c932874-b8b7-4542-a522-a5cffd9c66a9,e0093cf3-8bc3-4f57-82b9-b1e5a70be98d,8,3ac3d2a3-027f-42ba-8bbb-4fd7aad59670,Saiu um 2 rep válida,2026-06-04 13:27:48.241862+00,student
acd982a8-339b-4dbb-a4dc-1d3e256271d4,688418b3-d47b-4cea-9c94-9d1acef6a5e0,13a32d00-1375-4b13-852d-02c944469e29,2,4ad53789-98f4-4d79-8a67-fc9cad3760c3,"Treinei em academia diferente, notei muita diferença no supino por conta da marcação da barra, percebi só no final que acabei fazendo um CG absurdo mkk",2026-06-04 14:20:04.673239+00,student
c978b981-3db7-46ad-934a-42b94ade64a5,dc0151e3-eb4d-4ae1-a914-91cfa2e734cc,d1c0a920-848e-49c5-86c8-d8d596977b44,3,726105ea-341b-4cbc-8c65-786eb5264732,"segundo agachamento eu fui fazer na hora de subir senti uma pinçada na minha lombar aí parei de agachar na primeira rep, vou mandar o video",2026-06-04 15:09:07.709666+00,student
f6ef4bcc-8a4a-4868-9d64-f0e090f8e99c,6238dd06-e129-4964-9bea-c462e5f36c15,12712ce8-ef29-43b3-abd9-81f80585ce8e,2,cba0ec91-6e86-4a27-aa03-a0397b75c68f,Hj o dilema foi iniciar o terra agachado ou do alto,2026-06-04 20:14:07.754232+00,student
69f58944-4ee9-42b3-92b4-a4ccdcb63c26,16c808ed-154a-4685-a2e4-844038f7d76c,54d16b3e-1438-4f71-b9ff-e3fdbbec3c23,4,f1ac06db-2420-47b5-8040-9d2bd5a7125d,"Foi bom, só algumas dores no ombro mas acho q foi falta de aquecimento no manguito um dia antes",2026-06-05 06:39:51.481717+00,student
1748c12b-cada-405a-9d52-9cb9318fb86e,16c808ed-154a-4685-a2e4-844038f7d76c,54d16b3e-1438-4f71-b9ff-e3fdbbec3c23,4,180c8a64-c239-42d4-8b24-bbb4a06915fb,"Não fiz prancha, academia fechando",2026-06-05 06:40:44.079123+00,student
37603371-b522-46e4-b2e7-c478942680e8,0c932874-b8b7-4542-a522-a5cffd9c66a9,e0093cf3-8bc3-4f57-82b9-b1e5a70be98d,8,bfb4d0a1-51f2-48e2-9459-57405fb8064c,A francesa foi feita sem ser uni por dor atrás do cotovelo r a prancha foi adotada por abdômen com peso por facilidade de execução,2026-06-05 19:19:33.150282+00,student
a8826fd5-3cb1-4d30-8d03-a456c93ac0fa,b7570361-db11-407f-9660-4d6c9bc2d321,76cab118-b736-47d4-bc03-0ac8090813ee,1,f9be1e14-4195-4d76-b85f-772683b6e05e,Fiz búlgaro no lugar do step up 2x8,2026-06-05 21:41:41.618786+00,student
89444baf-a257-43f4-8440-c0be4ff44508,b7570361-db11-407f-9660-4d6c9bc2d321,76cab118-b736-47d4-bc03-0ac8090813ee,1,f9be1e14-4195-4d76-b85f-772683b6e05e,"Fiz uma cadeira flexora mais ""simples"" hj, por consequência consegui manter uma consistência maior",2026-06-05 22:02:11.787601+00,student
d28e56f0-86f7-48cd-80b3-749e25075053,e171833f-e8d0-4b2c-884c-fda495f1019a,33da71a7-9bae-4a62-b7db-d7db63ac7b72,1,c8864ffc-60fa-40cc-bc67-edcb652e5168,Bem de leve,2026-06-05 22:05:27.128369+00,student
696cf313-a36b-4ca4-a7ab-3708861224a7,6238dd06-e129-4964-9bea-c462e5f36c15,12712ce8-ef29-43b3-abd9-81f80585ce8e,2,62f7a7a5-853e-43d5-8936-cea3752b51fc,adução ostra realizada com 3 minibands,2026-06-06 02:18:02.233133+00,student
d39db205-cf10-480f-974c-057242d6d2cd,0a0bb310-eff2-4351-a82a-fd2fe286d234,03fca170-b09e-469c-9a3d-a3e59bf9365f,7,e2f0fd05-4847-4a17-a7cc-255e2e21a13b,"N fiz supino, senti levemente o ombro",2026-06-06 02:28:05.358703+00,student
d4c009ac-8fcf-4d9c-b0b9-f38cf3db088e,0a0bb310-eff2-4351-a82a-fd2fe286d234,03fca170-b09e-469c-9a3d-a3e59bf9365f,7,e2f0fd05-4847-4a17-a7cc-255e2e21a13b,"N fiz supino, senti levemente o ombro",2026-06-06 02:28:05.784663+00,student
ad07281a-6be3-4d24-8cb3-582c58808f50,47f87f76-995f-40df-810e-0140ae78b28e,f30ca1a8-e164-4cd5-ac2d-55604eeb6402,1,6733504c-f1a2-4e60-bd98-f2edaad2ed88,Que bagulho ruim de fazer é box 😂,2026-06-06 13:46:35.81449+00,student
63713d3c-fd3b-4600-8d4b-596d0a52d44c,38c6bc8b-4f3f-46d3-8df7-67088512758f,9a0bbf1f-4548-428a-aa18-9e9d6ebc88a4,4,cd2fa48f-472a-48c3-9c08-6c590af979fb,"Falha na última série de remada, tríceps corda e rosca martelo",2026-06-07 13:46:06.913055+00,coach
2757c7eb-abef-42ba-8bbc-b3b8bbf0e58f,38c6bc8b-4f3f-46d3-8df7-67088512758f,9a0bbf1f-4548-428a-aa18-9e9d6ebc88a4,4,6c0c1855-19b7-4db0-b1c7-6de2681cf052,Falha na última série de mesa flex,2026-06-07 13:46:14.64196+00,coach
a25a4437-97fe-43b7-a24a-be14691b0052,38c6bc8b-4f3f-46d3-8df7-67088512758f,9a0bbf1f-4548-428a-aa18-9e9d6ebc88a4,4,932ab62b-799e-4001-b70d-cb8e459cb723,Falha na última série de puxada e desenvolvimento,2026-06-07 13:46:48.712294+00,coach
63c6f289-7060-48b2-bfaa-915acc868e71,05bc7d14-2ccf-4560-b383-c61cb22fb5db,b521c3ee-0929-4018-9bb7-4ef96aaf1ef6,2,2207a4e1-f989-4cf3-9f9e-5e418ba284a0,Esse treino foi uma merda e senti o adutor dnv,2026-06-07 16:33:52.918511+00,student
dddf8e95-1040-4557-b110-c5328b848c49,e171833f-e8d0-4b2c-884c-fda495f1019a,33da71a7-9bae-4a62-b7db-d7db63ac7b72,1,c8864ffc-60fa-40cc-bc67-edcb652e5168,Treino bom,2026-06-07 16:56:31.894142+00,student
d3f5d289-6a44-4e98-8f5f-cc077730ceff,6238dd06-e129-4964-9bea-c462e5f36c15,12712ce8-ef29-43b3-abd9-81f80585ce8e,3,1e094013-a4e8-48f4-b92a-5611096a3ceb,@9 na última série de prancha lateral e copenhagem,2026-06-07 23:31:09.781496+00,coach
20f874ee-d9c9-4a06-bc7d-682d7b6e3baf,6238dd06-e129-4964-9bea-c462e5f36c15,12712ce8-ef29-43b3-abd9-81f80585ce8e,3,75192073-6aa9-48c8-9eff-0b12d8bf9bc1,"@9 na última série de supino c/ halter, remada, puxada, elev. lateral e triceps.",2026-06-07 23:31:52.588561+00,coach
94da42a8-36f4-4f83-b630-d062fb9214ae,6238dd06-e129-4964-9bea-c462e5f36c15,12712ce8-ef29-43b3-abd9-81f80585ce8e,3,e60bdee9-0e67-4cb2-9f91-73358ac9023c,"@9 na última série de elev. pélvica, mesa, cadeira flex e ext.",2026-06-07 23:32:45.92656+00,coach
bbe512e5-99b4-4e7a-82bf-ce81b3b264a2,6238dd06-e129-4964-9bea-c462e5f36c15,12712ce8-ef29-43b3-abd9-81f80585ce8e,4,267bd4bf-f691-445c-adbe-71239dd98315,"Falha na última série dos acessórios de inferiores, exceto ostra",2026-06-07 23:34:47.241514+00,coach
30c0ca52-741c-4793-8843-ed438a943b93,6238dd06-e129-4964-9bea-c462e5f36c15,12712ce8-ef29-43b3-abd9-81f80585ce8e,4,2b595511-0a46-459c-aafb-4dcf31fabed0,Falha na última série de todos acessórios a partir do supino halter,2026-06-07 23:35:08.327566+00,coach
4acd8418-545f-456b-8437-23ddf9e7922e,6238dd06-e129-4964-9bea-c462e5f36c15,12712ce8-ef29-43b3-abd9-81f80585ce8e,4,d46c434f-b121-4790-be5f-c152ff86826f,Falha na última série prancha e copenhagem,2026-06-07 23:35:26.245777+00,coach
7ab49e00-060a-4396-86f1-e82bb3892a7a,6238dd06-e129-4964-9bea-c462e5f36c15,12712ce8-ef29-43b3-abd9-81f80585ce8e,4,99d5fcda-ed78-4f20-8e10-a6868df2dfea,"Falha na última série de facepull, elev Y e rosca",2026-06-07 23:35:51.83644+00,coach
4b5ee4b3-75c4-4f78-9acf-9ff8834a1779,75061457-1a89-462a-b288-a63ce1bf59e9,7372d8a7-a66d-475a-bd0d-c395c2b5df20,3,723f06d2-a755-488c-a9fd-08fa87e4c85b,@9 NA ÚLTIMA SÉRIE DE MESA E ROSCA MARTELO,2026-06-07 23:59:24.834062+00,coach
b4655103-1077-493f-9ad0-246890420e92,75061457-1a89-462a-b288-a63ce1bf59e9,7372d8a7-a66d-475a-bd0d-c395c2b5df20,3,cdf4e277-5b5b-40cf-ab5e-9586f738ccc0,"@9 NA ÚLTIMA SÉRIE DE REMADA, ELEVAÇÃO LATERAL, TRICEPS",2026-06-07 23:59:43.605232+00,coach
239a1f98-f1ff-46c0-920e-81485404b0e7,75061457-1a89-462a-b288-a63ce1bf59e9,7372d8a7-a66d-475a-bd0d-c395c2b5df20,3,fa7253e0-ea85-4861-8407-9bcf29d30a10,"@9 NA ÚLTIMA SÉRIE DE PUXADA, TRICEPS, FLEX E EXT DE PUNHO",2026-06-08 00:00:11.408107+00,coach
335650e0-9dbe-488d-a807-f2ba58e209a4,75061457-1a89-462a-b288-a63ce1bf59e9,7372d8a7-a66d-475a-bd0d-c395c2b5df20,4,ab136c72-56cf-43a7-8e70-3019e5b1b8c1,FALHA NA ÚLTIMA SÉRIE DOS AUXILIARES A PARTIR DA PUXADA,2026-06-08 00:05:17.459023+00,coach
38c00e93-f816-486f-8de0-de0a454f8c05,75061457-1a89-462a-b288-a63ce1bf59e9,7372d8a7-a66d-475a-bd0d-c395c2b5df20,4,a7326ada-5c06-48f1-ad73-3cb4bcf5e106,FALHA NA ÚLTIMA SÉRIE DOS AUXILIARES A PARTIR DA REMADA,2026-06-08 00:05:29.47768+00,coach
dc841356-c1f3-458a-a3a3-19dd1d01219f,75061457-1a89-462a-b288-a63ce1bf59e9,7372d8a7-a66d-475a-bd0d-c395c2b5df20,4,5a43b742-fe41-44b5-b03d-a8af7271f1c3,FALHA NA ÚLTIMA SÉRIE DA MESA E ROSCA,2026-06-08 00:05:42.992483+00,coach
d6fafa93-2ae7-43af-ae4d-7183907cbc82,d7038557-bc68-406e-8277-24708d3c0318,6c26111d-c026-4604-ab5e-a65fca3d5a36,1,263a7cf5-855a-4dac-889c-324d98ebb37c,2 SEG DE PAUSA NO TERRA,2026-06-08 01:14:36.970857+00,coach
e8f89fa1-4c95-43f7-bf05-eb8f472b1b35,d7038557-bc68-406e-8277-24708d3c0318,6c26111d-c026-4604-ab5e-a65fca3d5a36,1,22233594-4763-4314-9f8c-fc55778b8e2c,LEG PRESS UNI,2026-06-08 01:16:16.168011+00,coach
830bdef7-ad53-4201-9e5f-488b38468bfb,d7038557-bc68-406e-8277-24708d3c0318,6c26111d-c026-4604-ab5e-a65fca3d5a36,1,9c0ee6de-5d7d-4e18-8e70-40231658c301,cadência 4-3-0 no supino tempo,2026-06-08 01:22:51.653696+00,coach
ffe78085-f347-4276-980b-fcbd49841a54,d7038557-bc68-406e-8277-24708d3c0318,6c26111d-c026-4604-ab5e-a65fca3d5a36,4,e45c0f84-4b36-4160-9a2d-d6e1e3f3bf41,Falha na última série dos auxiliares a partir da puxada,2026-06-08 01:23:51.295155+00,coach
3e2b7132-7fee-4b2c-8ec5-859a98a46cce,d7038557-bc68-406e-8277-24708d3c0318,6c26111d-c026-4604-ab5e-a65fca3d5a36,4,a4d30803-ef8d-4615-83b1-7cf20045ace1,Falha na última série dos auxiliares a partir da cadeira flex,2026-06-08 01:23:59.188119+00,coach
48b90d06-f915-4fec-8cae-fdf4966eb818,d7038557-bc68-406e-8277-24708d3c0318,6c26111d-c026-4604-ab5e-a65fca3d5a36,4,e5381a5d-5225-49c7-b82e-7ab32a771939,Falha na última série dos auxiliares a partir da Barra fixa,2026-06-08 01:24:07.803387+00,coach
0ccdf417-10ab-4c8e-8557-abb2feb91c55,d7038557-bc68-406e-8277-24708d3c0318,6c26111d-c026-4604-ab5e-a65fca3d5a36,4,636b6446-74c5-48df-a706-1f9eb49bb1c9,Falha na última série dos auxiliares a partir da remada,2026-06-08 01:24:13.709403+00,coach
0ea11996-6b28-404c-ab64-54286937658d,d7038557-bc68-406e-8277-24708d3c0318,6c26111d-c026-4604-ab5e-a65fca3d5a36,4,c36eeb9b-ac4d-4861-b467-ca9c07f4058c,Falha na última série dos auxiliares a partir da elevação pélv.,2026-06-08 01:24:29.452196+00,coach
f5e9f1f7-350b-4ef4-a970-9bda71d54988,16c808ed-154a-4685-a2e4-844038f7d76c,54d16b3e-1438-4f71-b9ff-e3fdbbec3c23,4,ef032975-e86f-48da-a612-e86decc836ab,"Treino foi ruim, mas teve pr, overxtei logo depois KKKKK Mas teve Pr",2026-06-08 02:52:38.940291+00,student
83ee2c8a-aa2c-4574-a769-23f77c62f410,16c808ed-154a-4685-a2e4-844038f7d76c,54d16b3e-1438-4f71-b9ff-e3fdbbec3c23,4,ef032975-e86f-48da-a612-e86decc836ab,"Tô com muita dor, principalmente fadiga muscular e em algumas articulações nesse fim de s4, é bom, pq dei meu 100% e espero não ser nada demais, nem parece ser nada demais tbm, feliz com esse bloco",2026-06-08 02:54:25.304512+00,student
e484d961-e02f-43b2-8f45-2b588bb16994,16c808ed-154a-4685-a2e4-844038f7d76c,54d16b3e-1438-4f71-b9ff-e3fdbbec3c23,4,ef032975-e86f-48da-a612-e86decc836ab,"Tô com muita dor, principalmente fadiga muscular e em algumas articulações nesse fim de s4, é bom, pq dei meu 100% e espero não ser nada demais, nem parece ser nada demais tbm, feliz com esse bloco",2026-06-08 02:54:26.285611+00,student
a92b2bde-eda9-47bf-aca9-9451e68710e0,5708401f-8de5-4afc-bd85-47873cae849c,c4dd712b-0269-48e8-bdaa-dc8fe463860f,3,930f54f4-fe25-45a2-a75f-df7b10a499b9,bota uma rosca martelo ai namoral 🤲,2026-06-08 14:04:28.025514+00,student
efb3e8d3-ec70-4541-90e1-c7ceac54ee0a,688418b3-d47b-4cea-9c94-9d1acef6a5e0,13a32d00-1375-4b13-852d-02c944469e29,3,bb3993ad-c47a-431f-8d09-5d5b3492570b,mesmo complex de antes,2026-06-08 16:58:57.679931+00,coach
55bf3be8-6aa9-4de1-9955-6947aa85819e,59097629-e1c6-43e2-9d95-477e859bc9b8,8613cde3-3aa0-4e52-ba15-54842ae5d76a,1,8f9a60b4-24a3-403c-82c3-4bb91e7bfeff,Complex: 430/320/210/320,2026-06-08 19:36:54.120074+00,coach
317a39fc-f298-41f4-bdb3-8d29817598eb,59097629-e1c6-43e2-9d95-477e859bc9b8,8613cde3-3aa0-4e52-ba15-54842ae5d76a,1,8f9a60b4-24a3-403c-82c3-4bb91e7bfeff,"vai dando uma alongada basica no peito hoje, bem basica!
(vê se dá pra fazer elevação y)
agacho com 100 a 110/ terra s1 150,s2 160,s3 160 a 165",2026-06-08 19:39:29.818555+00,coach
9969f1a8-efa4-4518-a3e9-257c6d82c3cb,b7570361-db11-407f-9660-4d6c9bc2d321,76cab118-b736-47d4-bc03-0ac8090813ee,2,dc178aba-b6e9-4c64-9034-59eff3459e61,"No rpe 6 1x3 do agacho eu fiz tão concentrado que desci contraindo todo o meu quadriceps e consegui segurar sem nem tentar, mas não pude gravar pq tinha 2 mulheres fazendo coice do lado.",2026-06-08 21:18:18.645183+00,student
d839de62-7d17-45c0-860d-3aa1eb6aec34,e171833f-e8d0-4b2c-884c-fda495f1019a,33da71a7-9bae-4a62-b7db-d7db63ac7b72,2,0eb04ec1-3f67-40e5-8541-138889a90a44,Esse vai render,2026-06-08 22:00:35.089355+00,student
82480c92-76ab-4bc5-ae9d-75cde75dee94,5708401f-8de5-4afc-bd85-47873cae849c,c4dd712b-0269-48e8-bdaa-dc8fe463860f,4,9a196268-206d-42ef-9187-408c2640e4e4,nordica: fiz 6 reps,2026-06-09 02:11:36.02301+00,student
7d8f79f6-2fc6-4767-8b8b-1890ec642a4a,16c808ed-154a-4685-a2e4-844038f7d76c,54d16b3e-1438-4f71-b9ff-e3fdbbec3c23,5,08e124fd-a99b-438b-b45d-b543f26403a7,"Nenhuma gorda ficará no meu caminho, pega 120 de pélvica e muita dor nas costas krl Go drinking",2026-06-09 02:58:59.436637+00,student
208c3641-85f4-4735-9c22-9fa8ea872732,e171833f-e8d0-4b2c-884c-fda495f1019a,33da71a7-9bae-4a62-b7db-d7db63ac7b72,2,daa1afd3-b593-41ae-af1a-cbcfb97f6155,Esse hj,2026-06-09 15:02:08.406801+00,student
7f177b09-7f20-4a73-8950-a13df3793fa2,e171833f-e8d0-4b2c-884c-fda495f1019a,33da71a7-9bae-4a62-b7db-d7db63ac7b72,2,daa1afd3-b593-41ae-af1a-cbcfb97f6155,"Favor retirar tríceps francês, cotovelo agradece",2026-06-09 15:58:20.491022+00,student
b5639624-3e63-403b-a948-d390650b6c03,705a0b92-5cb4-44eb-8b42-0785be601413,7b2a592b-b46b-4e01-a39b-2a7485c99662,4,1b7ad1e3-59f3-4f6e-98eb-a59e6d0084cf,"Vou entrar de ferias

Dores na lombar e escapula",2026-06-09 17:09:13.167699+00,student
36a0066d-7337-4989-8b8b-f2444107cc55,7365e22f-a251-4402-af1e-59fcd9bc9413,2657883e-48a1-4841-82ac-0812dafd7686,1,d8828fdb-c27e-4f4c-822d-6eece65f0065,"Passei os detalhes do treino por áudio, quanto aos vídeos eu vou pedir para meu amigo gravar no próximo treino",2026-06-09 20:31:25.61457+00,student
34e6266b-4d7f-4c18-ab64-86b4d7d86193,b7570361-db11-407f-9660-4d6c9bc2d321,76cab118-b736-47d4-bc03-0ac8090813ee,2,46f94aa1-c105-4094-a4f9-c4ec09242c22,"Fiz posterior de ombro na polia, fiz 2 com 15kg e a última com 10kg, por isso coloquei o meio termo",2026-06-09 22:07:44.908411+00,student
bf0f0ccc-69a7-4b66-879e-e86d1ac3fa5a,47f87f76-995f-40df-810e-0140ae78b28e,f30ca1a8-e164-4cd5-ac2d-55604eeb6402,2,a469814a-0a2c-4675-9aea-bf186a28b149,Ultimamente to mais feliz fazendo auxiliar do que principais. Tudo ruim ou sem ver evolução.,2026-06-10 00:46:25.613537+00,student
0dfaa53c-8117-4b63-b77c-5e25621853e9,e18cfaf3-5c3f-4adf-bfb3-600d26ab3a4c,a0fa1804-b549-474d-81fd-cbc4e926d9cd,3,c3a153b0-8b5a-458a-8d37-f34f74dee6b7,"O agachamento HB usei 20kg (pra bater a amplitude) Aumentei 2kg depois (ficou 22kg) Fiquei na dúvida se é melhor manter 20kg e aumentar as reps (ou aumentar 1kg) Tem anilhas de 1kg, 2 e 3k na academia",2026-06-10 01:30:02.443629+00,student
b4d45713-9221-499a-bb25-1895713faa3c,e18cfaf3-5c3f-4adf-bfb3-600d26ab3a4c,a0fa1804-b549-474d-81fd-cbc4e926d9cd,3,c3a153b0-8b5a-458a-8d37-f34f74dee6b7,O agachamento Goblet eu diminui a carga para minha coluna não ficar torta. Usei 12kg,2026-06-10 01:30:55.253295+00,student
d3141f23-676f-45bf-87cb-5d1fd3d6b7fa,6238dd06-e129-4964-9bea-c462e5f36c15,12712ce8-ef29-43b3-abd9-81f80585ce8e,3,75192073-6aa9-48c8-9eff-0b12d8bf9bc1,leve dor no ombro esquerdo,2026-06-10 02:07:50.435195+00,student
6c86d180-099c-4e0e-9550-07a3555a6d69,6238dd06-e129-4964-9bea-c462e5f36c15,12712ce8-ef29-43b3-abd9-81f80585ce8e,3,1e094013-a4e8-48f4-b92a-5611096a3ceb,"não tive tempo de finalizar o treino, farei os auxiliares restantes na quarta-feira",2026-06-10 02:09:05.982243+00,student
aee731c1-59d1-43e8-9836-f07e93c8b34c,4dca53bc-1217-4019-8969-deb495aebae2,8205b7bf-cbb7-48fd-8157-2ffa201315ed,3,98ab559d-de77-4c1a-bfe7-9db7a42dd91e,"30 - 1:00 min
40 - 38s",2026-06-10 12:43:53.034373+00,student
c506d22e-258a-47d4-aabd-3bcf470c5701,7365e22f-a251-4402-af1e-59fcd9bc9413,2657883e-48a1-4841-82ac-0812dafd7686,1,c9327b84-9631-4b6e-85f1-2da8e2d4b821,A carga atribuída a prancha é na verdade o tempo em minutos,2026-06-10 22:21:28.043545+00,student
adf67cfb-0b09-4e6a-b11c-ef0746a0f811,39853234-d96e-487f-895e-f9590aa6e0c1,3ad67109-b5b2-4c81-8b87-9907d5668157,1,ce4fcb17-0fac-4b63-bd77-f570d1344769,"CARGAS DO AGACHO: 1x2x142,5 kg;
 2x4x135 kg",2026-06-11 13:39:13.27805+00,coach
03e6df51-ea74-455c-a998-15bd4aac6133,39853234-d96e-487f-895e-f9590aa6e0c1,3ad67109-b5b2-4c81-8b87-9907d5668157,1,ce4fcb17-0fac-4b63-bd77-f570d1344769,CARGA DO TERRA: 1x7x110 kg,2026-06-11 13:39:30.17693+00,coach
6a4c6ace-4386-42d0-8850-d452d30e551b,39853234-d96e-487f-895e-f9590aa6e0c1,3ad67109-b5b2-4c81-8b87-9907d5668157,1,2ed0a23d-834a-4cbf-9b3f-56813c5b1bba,CARGAS DO SUPINO: 1x2x95 (tempo 430) ---- 1x3x100 ---- 1x3x100,2026-06-11 13:43:29.083107+00,coach
776f6813-06f7-4bf1-8aea-0a94c47d2fc5,0c932874-b8b7-4542-a522-a5cffd9c66a9,09480bda-93fe-4565-b2a9-5b75275d2bbe,1,62e33dad-afe9-4b48-8076-ad3d756cad6f,Desenvolvimento romano n fiz conforme falado,2026-06-11 13:44:39.295407+00,student
ff5767e1-f7df-46a7-a6b1-e07f41f942a1,39853234-d96e-487f-895e-f9590aa6e0c1,3ad67109-b5b2-4c81-8b87-9907d5668157,1,468f819d-8267-49af-bb85-886c6084a29a,CARGAS DO SUPINO: 1x3x90 (tempo 430,2026-06-11 14:17:58.50407+00,coach
2d1fab48-d808-4935-a074-268688b3cfb5,39853234-d96e-487f-895e-f9590aa6e0c1,3ad67109-b5b2-4c81-8b87-9907d5668157,1,2b7e8a11-0adf-4e44-9e15-745392d69087,CARGAS DO SUPINO: 2x5x95,2026-06-11 14:20:13.861245+00,coach
2f11baac-775d-4f5c-ba9d-6b8e1c0def67,39853234-d96e-487f-895e-f9590aa6e0c1,3ad67109-b5b2-4c81-8b87-9907d5668157,1,2b7e8a11-0adf-4e44-9e15-745392d69087,CARGAS DO AGACHO: 2x5x130 (tempo 400) ---------- CARGAS DO TERRA: 130x6; 140x4; 150x2,2026-06-11 14:22:24.785144+00,coach
91ded98a-1040-4d5b-a151-865282d8c542,59097629-e1c6-43e2-9d95-477e859bc9b8,8613cde3-3aa0-4e52-ba15-54842ae5d76a,1,b1eb64e2-38bc-4672-90ff-ad5f10bf40dd,"falha na ultima da: Mesa, STEP UP CHEGAR PERTO DO RPE 9, Panturrilha falha, prancha fazer prancha inversa.",2026-06-11 18:50:55.155935+00,coach
f00fb2db-9abc-4b6b-8484-473f7147667c,b7570361-db11-407f-9660-4d6c9bc2d321,76cab118-b736-47d4-bc03-0ac8090813ee,2,febca191-f2bf-4d26-90cf-9fd4157dacd3,"Eu poderia fazer 80kg 1x4 pra rpe 6, porém como o senhor sabe, meu peito no 3° supino da semana ja ameaça de rasgar e eu senti ele fisgando no primeiro rpe 6, por isso segurei as cargas",2026-06-11 21:57:47.720698+00,student
afe4c793-d7d7-40ad-9935-d89b928629bf,b7570361-db11-407f-9660-4d6c9bc2d321,76cab118-b736-47d4-bc03-0ac8090813ee,2,febca191-f2bf-4d26-90cf-9fd4157dacd3,"Como eu não vou sexta, mas vou sábado mandei uma elevação frontal com 30kg total e dps um martelo com 45kg total, respectivamente rpe 7.5 e 7 ""eu não deixei na planilha"", mas eu fiz pq deu tempo🤷🏻‍♂",2026-06-11 22:44:54.918028+00,student
f6814a93-7fa3-490d-9fa4-d36546838c97,e18cfaf3-5c3f-4adf-bfb3-600d26ab3a4c,a0fa1804-b549-474d-81fd-cbc4e926d9cd,3,14d3b636-b442-4edc-8499-a506de88273a,Senti um pouco de dificuldade no búlgaro por perder o equilíbrio. Agachamento venha mantendo 20kg pra bater a altura. Estou na dúvida na posição da coluna. Stiff diminui a carga pra conseguir mais rep,2026-06-12 01:05:57.745649+00,student
b9918d7e-f5e1-40b1-8091-b6ce6c85ff9e,4dca53bc-1217-4019-8969-deb495aebae2,8205b7bf-cbb7-48fd-8157-2ffa201315ed,3,05cbe69f-cb39-44e4-b507-527e36c9abcf,No 175 já tava morto,2026-06-12 12:57:08.630105+00,student
